cohort_month,month_number,retention_percentage
2019-01-01,0,100.0
2019-01-01,22,14.29
2019-01-01,65,14.29
2019-01-01,80,14.29
2019-01-01,82,14.29
2019-02-01,0,100.0
2019-02-01,2,9.09
2019-02-01,8,9.09
2019-02-01,11,9.09
2019-02-01,16,9.09
2019-02-01,29,9.09
2019-02-01,31,9.09
2019-02-01,69,9.09
2019-02-01,71,9.09
2019-03-01,0,100.0
2019-03-01,6,4.0
2019-03-01,7,4.0
2019-03-01,9,4.0
2019-03-01,10,4.0
2019-03-01,13,4.0
2019-03-01,19,4.0
2019-03-01,22,8.0
2019-03-01,25,4.0
2019-03-01,46,4.0
2019-03-01,47,4.0
2019-03-01,49,4.0
2019-03-01,51,4.0
2019-03-01,55,4.0
2019-03-01,59,4.0
2019-03-01,61,4.0
2019-03-01,64,8.0
2019-03-01,67,4.0
2019-03-01,76,4.0
2019-03-01,84,4.0
2019-03-01,87,4.0
2019-04-01,0,100.0
2019-04-01,3,2.63
2019-04-01,4,2.63
2019-04-01,5,2.63
2019-04-01,6,2.63
2019-04-01,8,2.63
2019-04-01,9,2.63
2019-04-01,13,2.63
2019-04-01,16,2.63
2019-04-01,17,2.63
2019-04-01,20,2.63
2019-04-01,21,2.63
2019-04-01,23,5.26
2019-04-01,27,2.63
2019-04-01,30,2.63
2019-04-01,32,2.63
2019-04-01,33,2.63
2019-04-01,42,2.63
2019-04-01,44,2.63
2019-04-01,45,2.63
2019-04-01,59,2.63
2019-04-01,66,2.63
2019-04-01,67,2.63
2019-04-01,73,2.63
2019-04-01,78,2.63
2019-04-01,79,2.63
2019-04-01,81,2.63
2019-05-01,0,100.0
2019-05-01,3,2.33
2019-05-01,4,2.33
2019-05-01,13,4.65
2019-05-01,14,2.33
2019-05-01,20,2.33
2019-05-01,22,2.33
2019-05-01,25,2.33
2019-05-01,26,4.65
2019-05-01,29,2.33
2019-05-01,33,2.33
2019-05-01,39,2.33
2019-05-01,44,2.33
2019-05-01,46,2.33
2019-05-01,49,2.33
2019-05-01,50,2.33
2019-05-01,53,2.33
2019-05-01,55,2.33
2019-05-01,58,2.33
2019-05-01,62,2.33
2019-05-01,66,2.33
2019-05-01,67,2.33
2019-05-01,68,2.33
2019-05-01,72,6.98
2019-05-01,76,2.33
2019-05-01,78,2.33
2019-05-01,82,4.65
2019-06-01,0,100.0
2019-06-01,1,1.47
2019-06-01,7,1.47
2019-06-01,8,1.47
2019-06-01,9,2.94
2019-06-01,10,2.94
2019-06-01,17,1.47
2019-06-01,21,1.47
2019-06-01,22,1.47
2019-06-01,24,4.41
2019-06-01,26,1.47
2019-06-01,30,2.94
2019-06-01,31,1.47
2019-06-01,33,2.94
2019-06-01,35,1.47
2019-06-01,36,1.47
2019-06-01,38,4.41
2019-06-01,41,1.47
2019-06-01,42,1.47
2019-06-01,43,1.47
2019-06-01,47,1.47
2019-06-01,49,1.47
2019-06-01,52,2.94
2019-06-01,53,1.47
2019-06-01,56,1.47
2019-06-01,58,1.47
2019-06-01,59,1.47
2019-06-01,60,1.47
2019-06-01,62,1.47
2019-06-01,65,2.94
2019-06-01,66,1.47
2019-06-01,68,2.94
2019-06-01,72,2.94
2019-06-01,73,2.94
2019-06-01,75,4.41
2019-06-01,77,1.47
2019-06-01,82,1.47
2019-06-01,83,2.94
2019-07-01,0,100.0
2019-07-01,2,1.37
2019-07-01,3,2.74
2019-07-01,4,1.37
2019-07-01,8,6.85
2019-07-01,14,1.37
2019-07-01,17,1.37
2019-07-01,22,2.74
2019-07-01,25,4.11
2019-07-01,26,1.37
2019-07-01,27,2.74
2019-07-01,35,2.74
2019-07-01,36,2.74
2019-07-01,37,1.37
2019-07-01,38,1.37
2019-07-01,41,2.74
2019-07-01,42,1.37
2019-07-01,43,1.37
2019-07-01,48,1.37
2019-07-01,49,1.37
2019-07-01,51,4.11
2019-07-01,54,1.37
2019-07-01,55,2.74
2019-07-01,56,1.37
2019-07-01,57,2.74
2019-07-01,59,1.37
2019-07-01,60,1.37
2019-07-01,61,1.37
2019-07-01,64,1.37
2019-07-01,65,1.37
2019-07-01,67,1.37
2019-07-01,70,4.11
2019-07-01,71,2.74
2019-07-01,72,1.37
2019-07-01,75,2.74
2019-07-01,76,1.37
2019-07-01,78,2.74
2019-07-01,81,1.37
2019-07-01,82,1.37
2019-08-01,0,100.0
2019-08-01,4,2.6
2019-08-01,5,3.9
2019-08-01,6,2.6
2019-08-01,7,1.3
2019-08-01,11,2.6
2019-08-01,12,2.6
2019-08-01,13,2.6
2019-08-01,15,1.3
2019-08-01,16,1.3
2019-08-01,18,1.3
2019-08-01,20,2.6
2019-08-01,23,3.9
2019-08-01,24,1.3
2019-08-01,26,2.6
2019-08-01,29,1.3
2019-08-01,31,1.3
2019-08-01,32,1.3
2019-08-01,36,1.3
2019-08-01,40,1.3
2019-08-01,41,2.6
2019-08-01,44,1.3
2019-08-01,45,3.9
2019-08-01,46,1.3
2019-08-01,47,2.6
2019-08-01,48,1.3
2019-08-01,49,1.3
2019-08-01,51,2.6
2019-08-01,54,2.6
2019-08-01,57,1.3
2019-08-01,59,1.3
2019-08-01,61,2.6
2019-08-01,62,1.3
2019-08-01,63,1.3
2019-08-01,64,1.3
2019-08-01,65,2.6
2019-08-01,66,1.3
2019-08-01,73,1.3
2019-08-01,77,1.3
2019-08-01,80,1.3
2019-09-01,0,100.0
2019-09-01,2,2.0
2019-09-01,4,2.0
2019-09-01,5,1.0
2019-09-01,8,1.0
2019-09-01,9,1.0
2019-09-01,10,1.0
2019-09-01,11,1.0
2019-09-01,12,2.0
2019-09-01,13,1.0
2019-09-01,15,2.0
2019-09-01,16,1.0
2019-09-01,18,2.0
2019-09-01,19,1.0
2019-09-01,20,1.0
2019-09-01,22,1.0
2019-09-01,23,1.0
2019-09-01,24,2.0
2019-09-01,25,1.0
2019-09-01,28,1.0
2019-09-01,30,1.0
2019-09-01,31,2.0
2019-09-01,33,3.0
2019-09-01,34,1.0
2019-09-01,35,3.0
2019-09-01,36,2.0
2019-09-01,37,3.0
2019-09-01,39,1.0
2019-09-01,40,2.0
2019-09-01,41,2.0
2019-09-01,42,1.0
2019-09-01,43,1.0
2019-09-01,44,1.0
2019-09-01,45,2.0
2019-09-01,46,1.0
2019-09-01,47,1.0
2019-09-01,49,1.0
2019-09-01,50,1.0
2019-09-01,51,3.0
2019-09-01,52,1.0
2019-09-01,53,1.0
2019-09-01,54,1.0
2019-09-01,55,3.0
2019-09-01,56,2.0
2019-09-01,57,1.0
2019-09-01,60,4.0
2019-09-01,61,1.0
2019-09-01,62,1.0
2019-09-01,63,2.0
2019-09-01,64,1.0
2019-09-01,66,1.0
2019-09-01,67,2.0
2019-09-01,69,1.0
2019-09-01,70,1.0
2019-09-01,71,1.0
2019-09-01,74,1.0
2019-09-01,75,1.0
2019-09-01,76,3.0
2019-09-01,77,1.0
2019-09-01,78,2.0
2019-09-01,80,1.0
2019-10-01,0,100.0
2019-10-01,1,1.57
2019-10-01,2,1.57
2019-10-01,4,0.79
2019-10-01,6,2.36
2019-10-01,7,0.79
2019-10-01,8,1.57
2019-10-01,9,1.57
2019-10-01,10,1.57
2019-10-01,11,0.79
2019-10-01,13,1.57
2019-10-01,14,1.57
2019-10-01,15,1.57
2019-10-01,16,3.94
2019-10-01,17,1.57
2019-10-01,18,0.79
2019-10-01,19,0.79
2019-10-01,20,0.79
2019-10-01,21,3.15
2019-10-01,22,0.79
2019-10-01,23,3.94
2019-10-01,24,0.79
2019-10-01,25,0.79
2019-10-01,26,1.57
2019-10-01,28,0.79
2019-10-01,29,0.79
2019-10-01,31,1.57
2019-10-01,32,0.79
2019-10-01,34,1.57
2019-10-01,36,1.57
2019-10-01,37,1.57
2019-10-01,38,1.57
2019-10-01,40,0.79
2019-10-01,41,0.79
2019-10-01,43,0.79
2019-10-01,44,2.36
2019-10-01,45,2.36
2019-10-01,47,2.36
2019-10-01,48,0.79
2019-10-01,49,0.79
2019-10-01,50,3.15
2019-10-01,51,3.94
2019-10-01,53,1.57
2019-10-01,54,3.15
2019-10-01,55,0.79
2019-10-01,56,1.57
2019-10-01,58,0.79
2019-10-01,59,1.57
2019-10-01,60,0.79
2019-10-01,61,0.79
2019-10-01,62,0.79
2019-10-01,63,1.57
2019-10-01,64,2.36
2019-10-01,65,3.15
2019-10-01,66,0.79
2019-10-01,69,1.57
2019-10-01,70,0.79
2019-10-01,71,1.57
2019-10-01,72,0.79
2019-10-01,73,1.57
2019-10-01,75,2.36
2019-10-01,80,0.79
2019-11-01,0,100.0
2019-11-01,1,2.4
2019-11-01,2,1.6
2019-11-01,3,1.6
2019-11-01,6,1.6
2019-11-01,8,2.4
2019-11-01,9,0.8
2019-11-01,10,0.8
2019-11-01,11,0.8
2019-11-01,12,1.6
2019-11-01,13,3.2
2019-11-01,15,1.6
2019-11-01,16,1.6
2019-11-01,17,0.8
2019-11-01,19,2.4
2019-11-01,20,0.8
2019-11-01,21,0.8
2019-11-01,22,1.6
2019-11-01,23,1.6
2019-11-01,24,1.6
2019-11-01,26,0.8
2019-11-01,28,1.6
2019-11-01,29,3.2
2019-11-01,30,0.8
2019-11-01,31,2.4
2019-11-01,33,0.8
2019-11-01,34,0.8
2019-11-01,35,0.8
2019-11-01,36,1.6
2019-11-01,37,2.4
2019-11-01,38,1.6
2019-11-01,39,2.4
2019-11-01,40,0.8
2019-11-01,43,1.6
2019-11-01,45,0.8
2019-11-01,46,0.8
2019-11-01,49,1.6
2019-11-01,50,1.6
2019-11-01,51,2.4
2019-11-01,53,1.6
2019-11-01,55,0.8
2019-11-01,56,1.6
2019-11-01,61,0.8
2019-11-01,63,2.4
2019-11-01,65,0.8
2019-11-01,66,1.6
2019-11-01,68,0.8
2019-11-01,69,0.8
2019-11-01,70,2.4
2019-11-01,72,0.8
2019-11-01,74,1.6
2019-11-01,75,0.8
2019-11-01,76,0.8
2019-11-01,78,1.6
2019-12-01,0,100.0
2019-12-01,2,1.37
2019-12-01,3,0.68
2019-12-01,4,0.68
2019-12-01,6,1.37
2019-12-01,7,1.37
2019-12-01,8,1.37
2019-12-01,9,2.05
2019-12-01,10,0.68
2019-12-01,11,2.05
2019-12-01,12,2.05
2019-12-01,14,0.68
2019-12-01,15,2.05
2019-12-01,17,2.05
2019-12-01,18,0.68
2019-12-01,19,2.05
2019-12-01,20,1.37
2019-12-01,22,0.68
2019-12-01,23,1.37
2019-12-01,24,1.37
2019-12-01,26,1.37
2019-12-01,27,2.05
2019-12-01,28,0.68
2019-12-01,29,1.37
2019-12-01,30,1.37
2019-12-01,31,0.68
2019-12-01,33,0.68
2019-12-01,35,1.37
2019-12-01,37,1.37
2019-12-01,40,1.37
2019-12-01,41,0.68
2019-12-01,42,4.11
2019-12-01,43,1.37
2019-12-01,45,0.68
2019-12-01,48,0.68
2019-12-01,49,0.68
2019-12-01,51,0.68
2019-12-01,54,0.68
2019-12-01,56,0.68
2019-12-01,60,2.05
2019-12-01,62,0.68
2019-12-01,64,0.68
2019-12-01,65,1.37
2019-12-01,67,1.37
2019-12-01,68,0.68
2019-12-01,70,0.68
2019-12-01,71,0.68
2019-12-01,72,1.37
2019-12-01,73,1.37
2019-12-01,75,0.68
2019-12-01,76,0.68
2020-01-01,0,100.0
2020-01-01,1,0.62
2020-01-01,2,1.24
2020-01-01,3,1.24
2020-01-01,5,1.24
2020-01-01,6,1.24
2020-01-01,8,0.62
2020-01-01,9,1.24
2020-01-01,10,0.62
2020-01-01,11,1.24
2020-01-01,12,0.62
2020-01-01,14,1.86
2020-01-01,15,1.86
2020-01-01,16,1.24
2020-01-01,17,1.24
2020-01-01,18,3.11
2020-01-01,19,0.62
2020-01-01,22,0.62
2020-01-01,23,0.62
2020-01-01,24,1.86
2020-01-01,26,0.62
2020-01-01,27,1.24
2020-01-01,28,1.86
2020-01-01,29,1.24
2020-01-01,30,0.62
2020-01-01,31,1.24
2020-01-01,32,1.24
2020-01-01,34,0.62
2020-01-01,35,1.86
2020-01-01,36,0.62
2020-01-01,37,1.24
2020-01-01,38,0.62
2020-01-01,39,1.86
2020-01-01,40,0.62
2020-01-01,41,0.62
2020-01-01,42,1.86
2020-01-01,43,1.24
2020-01-01,44,0.62
2020-01-01,45,0.62
2020-01-01,46,0.62
2020-01-01,47,1.24
2020-01-01,48,1.24
2020-01-01,49,1.86
2020-01-01,50,0.62
2020-01-01,51,2.48
2020-01-01,52,1.24
2020-01-01,53,0.62
2020-01-01,54,2.48
2020-01-01,55,0.62
2020-01-01,56,0.62
2020-01-01,58,1.24
2020-01-01,59,1.24
2020-01-01,60,1.24
2020-01-01,61,1.24
2020-01-01,62,2.48
2020-01-01,63,1.86
2020-01-01,64,1.86
2020-01-01,65,1.24
2020-01-01,66,1.24
2020-01-01,67,1.24
2020-01-01,68,1.86
2020-01-01,69,0.62
2020-01-01,72,0.62
2020-01-01,73,2.48
2020-01-01,74,1.86
2020-01-01,75,0.62
2020-01-01,76,0.62
2020-02-01,0,100.0
2020-02-01,1,2.16
2020-02-01,2,1.44
2020-02-01,4,2.16
2020-02-01,5,0.72
2020-02-01,6,1.44
2020-02-01,7,1.44
2020-02-01,8,0.72
2020-02-01,9,0.72
2020-02-01,10,1.44
2020-02-01,11,1.44
2020-02-01,12,0.72
2020-02-01,15,1.44
2020-02-01,16,1.44
2020-02-01,20,0.72
2020-02-01,22,0.72
2020-02-01,24,0.72
2020-02-01,26,2.16
2020-02-01,29,0.72
2020-02-01,30,2.88
2020-02-01,31,2.16
2020-02-01,32,0.72
2020-02-01,33,1.44
2020-02-01,34,1.44
2020-02-01,35,0.72
2020-02-01,39,2.16
2020-02-01,41,0.72
2020-02-01,42,0.72
2020-02-01,43,1.44
2020-02-01,44,2.16
2020-02-01,45,1.44
2020-02-01,46,0.72
2020-02-01,48,0.72
2020-02-01,49,1.44
2020-02-01,50,0.72
2020-02-01,51,0.72
2020-02-01,53,0.72
2020-02-01,54,1.44
2020-02-01,55,2.16
2020-02-01,56,0.72
2020-02-01,57,0.72
2020-02-01,58,2.16
2020-02-01,59,1.44
2020-02-01,60,0.72
2020-02-01,62,2.16
2020-02-01,63,1.44
2020-02-01,64,1.44
2020-02-01,66,0.72
2020-02-01,67,0.72
2020-02-01,69,0.72
2020-02-01,72,2.16
2020-02-01,73,0.72
2020-02-01,74,0.72
2020-02-01,75,0.72
2020-02-01,76,0.72
2020-03-01,0,100.0
2020-03-01,2,1.73
2020-03-01,3,1.73
2020-03-01,4,0.58
2020-03-01,5,0.58
2020-03-01,6,0.58
2020-03-01,7,1.16
2020-03-01,9,1.73
2020-03-01,12,0.58
2020-03-01,13,3.47
2020-03-01,14,2.31
2020-03-01,15,0.58
2020-03-01,16,1.73
2020-03-01,17,0.58
2020-03-01,18,0.58
2020-03-01,20,0.58
2020-03-01,21,1.16
2020-03-01,23,2.89
2020-03-01,24,0.58
2020-03-01,25,1.16
2020-03-01,26,3.47
2020-03-01,27,1.16
2020-03-01,28,0.58
2020-03-01,30,1.16
2020-03-01,31,1.73
2020-03-01,32,1.16
2020-03-01,33,1.73
2020-03-01,34,2.89
2020-03-01,35,1.16
2020-03-01,36,1.16
2020-03-01,37,0.58
2020-03-01,38,1.16
2020-03-01,39,0.58
2020-03-01,40,1.16
2020-03-01,41,1.16
2020-03-01,42,0.58
2020-03-01,43,1.73
2020-03-01,44,1.73
2020-03-01,45,0.58
2020-03-01,46,0.58
2020-03-01,47,1.73
2020-03-01,48,1.73
2020-03-01,49,0.58
2020-03-01,50,0.58
2020-03-01,51,0.58
2020-03-01,52,1.16
2020-03-01,53,1.16
2020-03-01,54,0.58
2020-03-01,55,0.58
2020-03-01,56,0.58
2020-03-01,57,0.58
2020-03-01,58,0.58
2020-03-01,59,1.73
2020-03-01,60,1.16
2020-03-01,61,1.16
2020-03-01,62,1.16
2020-03-01,63,1.73
2020-03-01,65,1.16
2020-03-01,66,1.73
2020-03-01,67,1.16
2020-03-01,68,3.47
2020-03-01,69,1.16
2020-03-01,70,1.73
2020-03-01,71,1.73
2020-03-01,72,1.16
2020-03-01,73,1.73
2020-04-01,0,100.0
2020-04-01,2,2.26
2020-04-01,3,1.69
2020-04-01,4,1.13
2020-04-01,5,0.56
2020-04-01,6,1.13
2020-04-01,7,0.56
2020-04-01,8,0.56
2020-04-01,9,1.13
2020-04-01,10,1.13
2020-04-01,12,1.13
2020-04-01,13,1.69
2020-04-01,14,1.13
2020-04-01,16,1.69
2020-04-01,17,0.56
2020-04-01,18,0.56
2020-04-01,19,0.56
2020-04-01,20,0.56
2020-04-01,21,1.69
2020-04-01,23,1.69
2020-04-01,24,1.13
2020-04-01,27,0.56
2020-04-01,28,1.13
2020-04-01,29,1.13
2020-04-01,30,1.69
2020-04-01,32,1.13
2020-04-01,33,1.13
2020-04-01,34,0.56
2020-04-01,35,1.13
2020-04-01,36,1.13
2020-04-01,37,1.13
2020-04-01,38,1.13
2020-04-01,39,1.13
2020-04-01,40,1.13
2020-04-01,41,1.69
2020-04-01,42,0.56
2020-04-01,43,0.56
2020-04-01,44,1.13
2020-04-01,46,0.56
2020-04-01,47,0.56
2020-04-01,48,1.13
2020-04-01,50,2.26
2020-04-01,51,0.56
2020-04-01,52,1.69
2020-04-01,53,0.56
2020-04-01,54,1.13
2020-04-01,56,0.56
2020-04-01,59,1.13
2020-04-01,61,0.56
2020-04-01,62,1.69
2020-04-01,63,0.56
2020-04-01,64,1.13
2020-04-01,65,2.26
2020-04-01,66,0.56
2020-04-01,67,1.69
2020-04-01,68,0.56
2020-04-01,69,0.56
2020-04-01,70,1.69
2020-04-01,71,1.13
2020-04-01,72,1.13
2020-04-01,73,0.56
2020-05-01,0,100.0
2020-05-01,1,0.55
2020-05-01,2,0.55
2020-05-01,3,2.75
2020-05-01,4,2.2
2020-05-01,5,0.55
2020-05-01,7,2.2
2020-05-01,8,1.1
2020-05-01,9,0.55
2020-05-01,10,1.65
2020-05-01,11,0.55
2020-05-01,12,0.55
2020-05-01,14,1.65
2020-05-01,15,1.1
2020-05-01,16,1.1
2020-05-01,18,1.1
2020-05-01,19,1.65
2020-05-01,20,1.1
2020-05-01,21,1.65
2020-05-01,22,1.65
2020-05-01,24,0.55
2020-05-01,26,2.75
2020-05-01,27,0.55
2020-05-01,29,1.65
2020-05-01,30,1.65
2020-05-01,31,2.75
2020-05-01,33,1.65
2020-05-01,35,1.65
2020-05-01,36,0.55
2020-05-01,37,1.1
2020-05-01,38,1.65
2020-05-01,39,3.3
2020-05-01,40,1.1
2020-05-01,41,0.55
2020-05-01,42,0.55
2020-05-01,43,1.1
2020-05-01,44,1.65
2020-05-01,45,1.65
2020-05-01,46,0.55
2020-05-01,47,1.1
2020-05-01,48,1.65
2020-05-01,49,1.1
2020-05-01,50,1.65
2020-05-01,51,1.1
2020-05-01,52,1.1
2020-05-01,53,1.1
2020-05-01,54,0.55
2020-05-01,56,1.65
2020-05-01,59,1.1
2020-05-01,61,1.1
2020-05-01,62,1.1
2020-05-01,63,0.55
2020-05-01,64,2.75
2020-05-01,65,1.1
2020-05-01,66,0.55
2020-05-01,67,1.65
2020-05-01,69,1.65
2020-05-01,70,1.1
2020-05-01,71,3.3
2020-05-01,72,0.55
2020-06-01,0,100.0
2020-06-01,2,0.87
2020-06-01,4,1.3
2020-06-01,5,0.87
2020-06-01,6,0.87
2020-06-01,7,1.74
2020-06-01,9,1.74
2020-06-01,11,0.43
2020-06-01,12,0.87
2020-06-01,13,1.74
2020-06-01,14,0.87
2020-06-01,15,3.48
2020-06-01,16,0.87
2020-06-01,17,1.3
2020-06-01,18,1.3
2020-06-01,19,0.87
2020-06-01,20,0.87
2020-06-01,21,0.87
2020-06-01,22,0.87
2020-06-01,23,2.17
2020-06-01,24,1.3
2020-06-01,25,0.87
2020-06-01,26,1.3
2020-06-01,27,0.43
2020-06-01,28,1.3
2020-06-01,29,0.43
2020-06-01,30,1.74
2020-06-01,31,1.3
2020-06-01,32,0.87
2020-06-01,33,0.43
2020-06-01,35,1.74
2020-06-01,37,0.87
2020-06-01,38,0.43
2020-06-01,39,0.43
2020-06-01,40,0.43
2020-06-01,41,1.74
2020-06-01,42,0.87
2020-06-01,43,0.43
2020-06-01,44,0.87
2020-06-01,45,0.87
2020-06-01,46,1.3
2020-06-01,47,1.74
2020-06-01,48,0.43
2020-06-01,49,0.43
2020-06-01,50,2.17
2020-06-01,51,1.3
2020-06-01,52,0.87
2020-06-01,54,2.61
2020-06-01,55,1.3
2020-06-01,56,1.74
2020-06-01,57,0.87
2020-06-01,58,0.87
2020-06-01,59,0.43
2020-06-01,60,1.74
2020-06-01,61,0.43
2020-06-01,62,1.3
2020-06-01,63,0.87
2020-06-01,64,0.43
2020-06-01,65,2.17
2020-06-01,66,0.87
2020-06-01,68,0.87
2020-06-01,69,0.87
2020-06-01,70,1.3
2020-06-01,71,0.43
2020-06-01,72,0.43
2020-07-01,0,100.0
2020-07-01,1,1.74
2020-07-01,2,1.74
2020-07-01,3,1.3
2020-07-01,4,0.87
2020-07-01,5,2.17
2020-07-01,6,2.61
2020-07-01,7,2.17
2020-07-01,8,0.43
2020-07-01,9,0.87
2020-07-01,10,0.43
2020-07-01,11,1.74
2020-07-01,12,0.43
2020-07-01,13,1.3
2020-07-01,14,0.43
2020-07-01,16,0.87
2020-07-01,17,0.43
2020-07-01,18,1.3
2020-07-01,19,0.87
2020-07-01,20,0.43
2020-07-01,21,1.74
2020-07-01,22,1.3
2020-07-01,23,0.43
2020-07-01,24,0.87
2020-07-01,25,0.87
2020-07-01,26,0.43
2020-07-01,27,2.17
2020-07-01,28,0.87
2020-07-01,29,0.43
2020-07-01,30,1.3
2020-07-01,31,1.3
2020-07-01,32,0.87
2020-07-01,33,0.87
2020-07-01,34,0.87
2020-07-01,35,0.87
2020-07-01,36,2.17
2020-07-01,37,1.74
2020-07-01,38,0.43
2020-07-01,40,1.74
2020-07-01,41,0.43
2020-07-01,42,0.43
2020-07-01,43,0.43
2020-07-01,44,0.43
2020-07-01,45,0.43
2020-07-01,47,1.3
2020-07-01,48,0.87
2020-07-01,49,1.3
2020-07-01,50,0.43
2020-07-01,51,1.74
2020-07-01,52,0.43
2020-07-01,53,0.87
2020-07-01,55,0.43
2020-07-01,56,1.3
2020-07-01,57,1.3
2020-07-01,58,0.87
2020-07-01,59,0.87
2020-07-01,60,1.3
2020-07-01,61,0.87
2020-07-01,62,1.3
2020-07-01,63,1.74
2020-07-01,64,0.87
2020-07-01,65,0.43
2020-07-01,66,2.17
2020-07-01,69,0.43
2020-07-01,70,0.43
2020-08-01,0,100.0
2020-08-01,1,0.46
2020-08-01,2,1.85
2020-08-01,3,1.85
2020-08-01,4,0.93
2020-08-01,5,2.31
2020-08-01,6,0.46
2020-08-01,7,0.46
2020-08-01,8,1.39
2020-08-01,9,2.31
2020-08-01,10,0.46
2020-08-01,11,0.46
2020-08-01,12,0.46
2020-08-01,13,1.39
2020-08-01,14,0.46
2020-08-01,15,0.93
2020-08-01,16,1.39
2020-08-01,17,1.39
2020-08-01,18,0.93
2020-08-01,19,1.39
2020-08-01,20,1.39
2020-08-01,21,1.39
2020-08-01,23,0.93
2020-08-01,24,1.39
2020-08-01,25,1.85
2020-08-01,26,0.46
2020-08-01,27,0.93
2020-08-01,28,1.85
2020-08-01,30,0.46
2020-08-01,31,0.46
2020-08-01,32,1.85
2020-08-01,33,1.39
2020-08-01,35,1.39
2020-08-01,36,1.85
2020-08-01,39,0.93
2020-08-01,40,1.39
2020-08-01,41,0.46
2020-08-01,42,1.85
2020-08-01,43,0.46
2020-08-01,44,1.85
2020-08-01,45,1.85
2020-08-01,46,1.85
2020-08-01,47,1.85
2020-08-01,48,1.85
2020-08-01,49,1.39
2020-08-01,50,1.39
2020-08-01,51,0.46
2020-08-01,52,1.85
2020-08-01,53,1.85
2020-08-01,54,2.31
2020-08-01,55,0.93
2020-08-01,56,1.39
2020-08-01,57,1.39
2020-08-01,58,3.24
2020-08-01,59,0.46
2020-08-01,60,0.46
2020-08-01,61,2.78
2020-08-01,62,1.85
2020-08-01,63,0.93
2020-08-01,64,0.46
2020-08-01,65,1.85
2020-08-01,67,0.93
2020-08-01,68,0.46
2020-08-01,69,1.85
2020-09-01,0,100.0
2020-09-01,1,1.29
2020-09-01,3,1.72
2020-09-01,4,2.15
2020-09-01,5,0.43
2020-09-01,6,2.15
2020-09-01,7,0.43
2020-09-01,8,1.29
2020-09-01,9,0.86
2020-09-01,10,2.15
2020-09-01,11,0.86
2020-09-01,12,1.29
2020-09-01,13,1.72
2020-09-01,14,2.15
2020-09-01,16,1.29
2020-09-01,17,1.29
2020-09-01,18,0.43
2020-09-01,19,0.43
2020-09-01,20,1.29
2020-09-01,21,0.86
2020-09-01,22,0.86
2020-09-01,23,0.43
2020-09-01,24,0.86
2020-09-01,25,0.43
2020-09-01,26,0.43
2020-09-01,27,2.15
2020-09-01,28,1.29
2020-09-01,30,1.72
2020-09-01,31,0.86
2020-09-01,32,1.29
2020-09-01,33,1.72
2020-09-01,34,0.43
2020-09-01,35,1.29
2020-09-01,36,1.72
2020-09-01,37,0.86
2020-09-01,38,0.43
2020-09-01,39,0.86
2020-09-01,40,0.86
2020-09-01,41,0.43
2020-09-01,42,1.29
2020-09-01,44,1.29
2020-09-01,45,2.58
2020-09-01,46,1.29
2020-09-01,48,0.86
2020-09-01,49,1.29
2020-09-01,50,2.58
2020-09-01,51,0.86
2020-09-01,52,1.29
2020-09-01,53,1.29
2020-09-01,54,1.72
2020-09-01,55,0.86
2020-09-01,56,1.29
2020-09-01,57,0.86
2020-09-01,58,0.86
2020-09-01,59,1.29
2020-09-01,60,2.58
2020-09-01,61,2.15
2020-09-01,62,0.43
2020-09-01,63,0.43
2020-09-01,64,2.15
2020-09-01,65,1.72
2020-09-01,66,1.72
2020-09-01,67,0.43
2020-09-01,69,0.43
2020-10-01,0,100.0
2020-10-01,2,1.08
2020-10-01,3,0.72
2020-10-01,4,0.36
2020-10-01,5,0.36
2020-10-01,6,1.08
2020-10-01,7,1.08
2020-10-01,8,0.36
2020-10-01,9,1.08
2020-10-01,11,0.72
2020-10-01,12,1.08
2020-10-01,13,1.8
2020-10-01,14,1.44
2020-10-01,15,1.8
2020-10-01,16,0.72
2020-10-01,17,0.72
2020-10-01,18,0.36
2020-10-01,19,2.16
2020-10-01,20,1.44
2020-10-01,21,0.72
2020-10-01,22,1.44
2020-10-01,23,1.08
2020-10-01,24,1.44
2020-10-01,25,1.08
2020-10-01,27,0.72
2020-10-01,29,0.36
2020-10-01,30,0.36
2020-10-01,31,0.72
2020-10-01,32,1.44
2020-10-01,33,0.36
2020-10-01,34,0.72
2020-10-01,36,1.08
2020-10-01,37,1.44
2020-10-01,38,1.08
2020-10-01,39,1.8
2020-10-01,41,1.08
2020-10-01,42,1.44
2020-10-01,43,2.16
2020-10-01,44,1.44
2020-10-01,45,0.72
2020-10-01,46,0.72
2020-10-01,47,1.8
2020-10-01,48,1.44
2020-10-01,49,1.08
2020-10-01,50,0.72
2020-10-01,51,0.36
2020-10-01,52,1.44
2020-10-01,53,0.36
2020-10-01,54,1.08
2020-10-01,55,0.72
2020-10-01,56,1.08
2020-10-01,57,0.36
2020-10-01,58,1.08
2020-10-01,59,2.16
2020-10-01,60,1.44
2020-10-01,61,0.72
2020-10-01,62,0.72
2020-10-01,63,0.36
2020-10-01,64,0.72
2020-10-01,66,1.08
2020-10-01,67,1.44
2020-11-01,0,100.0
2020-11-01,1,1.13
2020-11-01,4,1.89
2020-11-01,5,0.38
2020-11-01,6,1.13
2020-11-01,7,0.38
2020-11-01,8,1.13
2020-11-01,9,0.38
2020-11-01,10,0.38
2020-11-01,11,0.75
2020-11-01,12,1.51
2020-11-01,13,0.75
2020-11-01,14,0.38
2020-11-01,15,1.51
2020-11-01,16,0.38
2020-11-01,17,1.13
2020-11-01,18,0.75
2020-11-01,19,0.38
2020-11-01,21,1.13
2020-11-01,22,0.38
2020-11-01,23,0.75
2020-11-01,24,1.13
2020-11-01,25,0.75
2020-11-01,26,0.38
2020-11-01,27,0.38
2020-11-01,28,1.13
2020-11-01,29,0.75
2020-11-01,30,0.38
2020-11-01,31,0.38
2020-11-01,33,0.38
2020-11-01,34,1.51
2020-11-01,35,1.13
2020-11-01,36,1.13
2020-11-01,37,0.75
2020-11-01,38,0.38
2020-11-01,39,0.75
2020-11-01,40,0.38
2020-11-01,41,1.13
2020-11-01,42,0.75
2020-11-01,43,0.75
2020-11-01,44,0.75
2020-11-01,45,0.75
2020-11-01,46,1.13
2020-11-01,47,0.75
2020-11-01,48,1.13
2020-11-01,49,1.13
2020-11-01,50,1.51
2020-11-01,51,1.13
2020-11-01,52,1.13
2020-11-01,53,1.13
2020-11-01,54,1.51
2020-11-01,55,0.38
2020-11-01,56,0.75
2020-11-01,57,1.13
2020-11-01,58,1.13
2020-11-01,59,1.51
2020-11-01,61,0.38
2020-11-01,62,0.38
2020-11-01,63,0.38
2020-11-01,64,1.89
2020-11-01,65,0.38
2020-12-01,0,100.0
2020-12-01,1,1.14
2020-12-01,2,1.14
2020-12-01,4,1.14
2020-12-01,5,1.9
2020-12-01,6,0.76
2020-12-01,7,1.9
2020-12-01,8,0.76
2020-12-01,9,0.76
2020-12-01,10,1.52
2020-12-01,11,2.28
2020-12-01,12,1.52
2020-12-01,13,0.76
2020-12-01,14,0.76
2020-12-01,16,1.14
2020-12-01,17,1.52
2020-12-01,18,0.38
2020-12-01,19,0.38
2020-12-01,20,1.9
2020-12-01,21,1.52
2020-12-01,22,1.52
2020-12-01,23,0.38
2020-12-01,24,1.9
2020-12-01,26,1.14
2020-12-01,27,1.14
2020-12-01,29,0.76
2020-12-01,30,0.76
2020-12-01,31,0.76
2020-12-01,32,1.9
2020-12-01,33,1.52
2020-12-01,34,1.52
2020-12-01,35,0.76
2020-12-01,36,0.76
2020-12-01,37,0.76
2020-12-01,38,1.52
2020-12-01,39,0.76
2020-12-01,40,0.38
2020-12-01,41,1.52
2020-12-01,42,0.76
2020-12-01,43,0.76
2020-12-01,44,1.52
2020-12-01,45,1.14
2020-12-01,46,1.14
2020-12-01,47,0.38
2020-12-01,48,0.38
2020-12-01,49,0.38
2020-12-01,50,1.14
2020-12-01,51,2.28
2020-12-01,52,0.76
2020-12-01,53,0.38
2020-12-01,54,1.52
2020-12-01,55,1.14
2020-12-01,56,0.76
2020-12-01,57,1.9
2020-12-01,58,1.14
2020-12-01,59,0.76
2020-12-01,60,0.76
2020-12-01,61,0.76
2020-12-01,62,1.9
2020-12-01,63,1.14
2020-12-01,64,1.52
2020-12-01,65,1.52
2021-01-01,0,100.0
2021-01-01,1,0.67
2021-01-01,2,2.01
2021-01-01,3,1.0
2021-01-01,4,1.34
2021-01-01,5,1.34
2021-01-01,6,1.0
2021-01-01,7,1.34
2021-01-01,9,1.34
2021-01-01,10,1.0
2021-01-01,11,0.33
2021-01-01,12,1.34
2021-01-01,13,1.67
2021-01-01,14,0.67
2021-01-01,15,0.67
2021-01-01,16,3.01
2021-01-01,17,1.67
2021-01-01,18,1.0
2021-01-01,19,1.0
2021-01-01,20,1.0
2021-01-01,21,1.67
2021-01-01,22,0.67
2021-01-01,23,0.33
2021-01-01,24,0.67
2021-01-01,25,1.34
2021-01-01,28,1.0
2021-01-01,29,0.67
2021-01-01,30,0.67
2021-01-01,31,1.0
2021-01-01,32,2.01
2021-01-01,33,2.01
2021-01-01,35,1.34
2021-01-01,36,1.0
2021-01-01,37,0.67
2021-01-01,38,0.67
2021-01-01,39,2.01
2021-01-01,40,1.0
2021-01-01,41,0.33
2021-01-01,42,0.67
2021-01-01,43,0.33
2021-01-01,44,0.33
2021-01-01,45,0.33
2021-01-01,46,1.0
2021-01-01,47,0.67
2021-01-01,48,1.0
2021-01-01,49,1.0
2021-01-01,50,1.34
2021-01-01,51,1.34
2021-01-01,52,1.0
2021-01-01,53,0.67
2021-01-01,54,0.67
2021-01-01,55,1.0
2021-01-01,56,0.33
2021-01-01,57,1.67
2021-01-01,58,0.33
2021-01-01,59,1.67
2021-01-01,60,1.0
2021-01-01,61,0.67
2021-01-01,62,1.0
2021-01-01,63,0.67
2021-01-01,64,1.0
2021-02-01,0,100.0
2021-02-01,1,1.05
2021-02-01,2,1.74
2021-02-01,3,0.7
2021-02-01,4,1.74
2021-02-01,5,0.7
2021-02-01,6,1.39
2021-02-01,7,0.35
2021-02-01,8,0.7
2021-02-01,9,1.05
2021-02-01,10,1.74
2021-02-01,11,1.39
2021-02-01,12,0.7
2021-02-01,13,0.7
2021-02-01,14,0.7
2021-02-01,15,1.05
2021-02-01,16,0.7
2021-02-01,17,2.79
2021-02-01,18,1.74
2021-02-01,19,1.05
2021-02-01,20,0.35
2021-02-01,21,1.39
2021-02-01,22,1.39
2021-02-01,23,1.39
2021-02-01,24,1.39
2021-02-01,25,0.35
2021-02-01,26,2.09
2021-02-01,27,1.74
2021-02-01,28,2.09
2021-02-01,29,0.35
2021-02-01,30,0.7
2021-02-01,31,1.05
2021-02-01,32,1.05
2021-02-01,33,0.35
2021-02-01,34,0.35
2021-02-01,35,0.35
2021-02-01,36,1.39
2021-02-01,37,1.39
2021-02-01,38,1.74
2021-02-01,39,0.35
2021-02-01,40,0.35
2021-02-01,41,2.09
2021-02-01,42,1.05
2021-02-01,43,1.39
2021-02-01,44,0.7
2021-02-01,45,1.05
2021-02-01,46,1.74
2021-02-01,47,1.05
2021-02-01,49,0.35
2021-02-01,50,1.39
2021-02-01,51,1.05
2021-02-01,52,0.7
2021-02-01,53,0.35
2021-02-01,54,2.79
2021-02-01,55,1.39
2021-02-01,56,2.79
2021-02-01,57,0.35
2021-02-01,58,0.7
2021-02-01,59,1.74
2021-02-01,60,1.05
2021-02-01,61,1.39
2021-02-01,62,1.05
2021-02-01,63,0.35
2021-02-01,64,0.7
2021-03-01,0,100.0
2021-03-01,1,0.89
2021-03-01,2,0.89
2021-03-01,3,1.48
2021-03-01,4,0.3
2021-03-01,5,0.89
2021-03-01,6,2.08
2021-03-01,7,0.3
2021-03-01,8,0.89
2021-03-01,9,1.19
2021-03-01,10,0.89
2021-03-01,11,0.3
2021-03-01,12,0.3
2021-03-01,13,0.89
2021-03-01,14,2.37
2021-03-01,15,0.3
2021-03-01,16,2.08
2021-03-01,17,1.78
2021-03-01,18,1.19
2021-03-01,19,1.48
2021-03-01,20,1.19
2021-03-01,21,1.78
2021-03-01,22,2.67
2021-03-01,23,1.78
2021-03-01,24,0.59
2021-03-01,25,1.78
2021-03-01,26,0.89
2021-03-01,27,0.59
2021-03-01,28,0.59
2021-03-01,29,0.3
2021-03-01,30,0.59
2021-03-01,31,0.59
2021-03-01,32,1.78
2021-03-01,33,1.78
2021-03-01,34,1.19
2021-03-01,35,0.89
2021-03-01,36,1.48
2021-03-01,37,3.56
2021-03-01,38,1.78
2021-03-01,39,0.89
2021-03-01,41,1.48
2021-03-01,42,0.59
2021-03-01,44,0.59
2021-03-01,45,2.37
2021-03-01,46,0.89
2021-03-01,47,2.97
2021-03-01,48,1.48
2021-03-01,49,1.19
2021-03-01,50,1.78
2021-03-01,51,0.89
2021-03-01,52,1.48
2021-03-01,53,0.89
2021-03-01,54,1.78
2021-03-01,55,0.3
2021-03-01,56,1.78
2021-03-01,57,0.89
2021-03-01,58,1.19
2021-03-01,59,1.19
2021-03-01,60,0.89
2021-03-01,61,1.19
2021-03-01,62,1.78
2021-03-01,63,0.3
2021-04-01,0,100.0
2021-04-01,1,1.43
2021-04-01,2,0.29
2021-04-01,3,1.14
2021-04-01,4,0.86
2021-04-01,5,1.71
2021-04-01,6,1.43
2021-04-01,7,0.57
2021-04-01,8,2.0
2021-04-01,9,1.43
2021-04-01,10,2.0
2021-04-01,11,0.86
2021-04-01,12,0.57
2021-04-01,13,0.29
2021-04-01,14,1.14
2021-04-01,15,0.86
2021-04-01,16,1.43
2021-04-01,17,1.43
2021-04-01,18,1.14
2021-04-01,19,1.71
2021-04-01,20,1.71
2021-04-01,21,0.86
2021-04-01,22,1.14
2021-04-01,23,0.86
2021-04-01,24,0.86
2021-04-01,25,0.57
2021-04-01,26,0.86
2021-04-01,27,1.71
2021-04-01,28,0.29
2021-04-01,29,1.71
2021-04-01,30,1.14
2021-04-01,31,1.14
2021-04-01,32,0.29
2021-04-01,33,0.86
2021-04-01,34,1.14
2021-04-01,35,0.57
2021-04-01,36,0.29
2021-04-01,37,1.43
2021-04-01,38,1.14
2021-04-01,39,0.86
2021-04-01,40,1.71
2021-04-01,41,1.14
2021-04-01,42,0.86
2021-04-01,43,0.86
2021-04-01,44,1.14
2021-04-01,45,0.86
2021-04-01,46,0.86
2021-04-01,47,1.14
2021-04-01,48,1.14
2021-04-01,49,1.43
2021-04-01,50,0.86
2021-04-01,51,0.57
2021-04-01,53,1.71
2021-04-01,54,0.57
2021-04-01,56,0.57
2021-04-01,58,1.43
2021-04-01,59,0.29
2021-04-01,60,0.57
2021-04-01,61,1.71
2021-05-01,0,100.0
2021-05-01,1,0.57
2021-05-01,2,1.99
2021-05-01,3,1.42
2021-05-01,4,0.85
2021-05-01,5,1.99
2021-05-01,6,1.14
2021-05-01,7,1.42
2021-05-01,8,1.42
2021-05-01,9,0.28
2021-05-01,10,0.57
2021-05-01,11,0.28
2021-05-01,12,0.28
2021-05-01,13,0.85
2021-05-01,14,1.42
2021-05-01,15,0.85
2021-05-01,16,1.42
2021-05-01,17,1.14
2021-05-01,18,1.14
2021-05-01,19,1.42
2021-05-01,20,0.28
2021-05-01,21,1.42
2021-05-01,22,1.14
2021-05-01,23,0.57
2021-05-01,24,0.57
2021-05-01,25,1.14
2021-05-01,26,1.71
2021-05-01,27,1.71
2021-05-01,28,0.85
2021-05-01,29,1.14
2021-05-01,30,1.42
2021-05-01,31,1.14
2021-05-01,32,0.85
2021-05-01,33,1.14
2021-05-01,34,1.14
2021-05-01,35,0.57
2021-05-01,36,1.14
2021-05-01,37,0.85
2021-05-01,38,1.71
2021-05-01,39,0.85
2021-05-01,40,1.14
2021-05-01,41,1.99
2021-05-01,42,0.57
2021-05-01,43,1.42
2021-05-01,44,1.14
2021-05-01,45,1.71
2021-05-01,46,1.71
2021-05-01,47,1.42
2021-05-01,48,0.28
2021-05-01,49,0.85
2021-05-01,50,1.14
2021-05-01,51,1.71
2021-05-01,52,1.42
2021-05-01,53,1.42
2021-05-01,54,0.57
2021-05-01,55,1.14
2021-05-01,56,0.85
2021-05-01,57,0.57
2021-05-01,58,1.71
2021-05-01,59,1.14
2021-06-01,0,100.0
2021-06-01,1,1.31
2021-06-01,2,1.31
2021-06-01,4,0.79
2021-06-01,5,0.26
2021-06-01,6,2.1
2021-06-01,7,1.05
2021-06-01,8,0.79
2021-06-01,9,0.79
2021-06-01,10,1.05
2021-06-01,11,1.05
2021-06-01,12,1.31
2021-06-01,13,1.57
2021-06-01,14,0.79
2021-06-01,15,0.52
2021-06-01,16,2.1
2021-06-01,17,0.26
2021-06-01,18,0.79
2021-06-01,20,1.57
2021-06-01,21,1.31
2021-06-01,22,0.79
2021-06-01,23,1.57
2021-06-01,24,1.05
2021-06-01,25,0.52
2021-06-01,26,1.05
2021-06-01,27,0.52
2021-06-01,28,0.79
2021-06-01,29,0.79
2021-06-01,30,1.57
2021-06-01,31,1.31
2021-06-01,32,0.52
2021-06-01,33,0.79
2021-06-01,34,0.26
2021-06-01,35,0.79
2021-06-01,36,0.26
2021-06-01,37,0.26
2021-06-01,38,0.79
2021-06-01,39,2.62
2021-06-01,40,2.1
2021-06-01,41,0.79
2021-06-01,42,0.79
2021-06-01,43,1.05
2021-06-01,44,0.26
2021-06-01,45,1.05
2021-06-01,46,0.52
2021-06-01,47,0.79
2021-06-01,48,1.05
2021-06-01,49,1.31
2021-06-01,50,1.05
2021-06-01,51,0.79
2021-06-01,52,1.05
2021-06-01,53,1.31
2021-06-01,54,1.05
2021-06-01,55,0.79
2021-06-01,56,1.31
2021-06-01,58,1.31
2021-06-01,59,1.84
2021-07-01,0,100.0
2021-07-01,1,1.82
2021-07-01,2,1.56
2021-07-01,3,1.3
2021-07-01,4,1.04
2021-07-01,6,0.52
2021-07-01,7,0.52
2021-07-01,8,0.52
2021-07-01,9,0.52
2021-07-01,10,0.26
2021-07-01,11,1.04
2021-07-01,12,1.82
2021-07-01,13,1.56
2021-07-01,14,0.78
2021-07-01,15,0.78
2021-07-01,16,0.52
2021-07-01,17,1.04
2021-07-01,18,1.56
2021-07-01,19,0.78
2021-07-01,20,1.82
2021-07-01,21,0.78
2021-07-01,22,1.56
2021-07-01,23,1.3
2021-07-01,24,0.26
2021-07-01,25,1.04
2021-07-01,26,1.04
2021-07-01,27,1.04
2021-07-01,28,0.78
2021-07-01,29,1.04
2021-07-01,30,1.82
2021-07-01,31,0.78
2021-07-01,32,1.04
2021-07-01,33,1.3
2021-07-01,35,1.56
2021-07-01,36,0.52
2021-07-01,37,0.78
2021-07-01,38,1.56
2021-07-01,39,1.82
2021-07-01,40,0.52
2021-07-01,41,0.78
2021-07-01,42,0.78
2021-07-01,43,0.78
2021-07-01,44,0.78
2021-07-01,45,2.08
2021-07-01,46,1.56
2021-07-01,47,0.78
2021-07-01,48,0.78
2021-07-01,49,1.3
2021-07-01,50,0.78
2021-07-01,51,1.3
2021-07-01,52,2.6
2021-07-01,53,0.78
2021-07-01,54,0.52
2021-07-01,55,0.52
2021-07-01,56,0.78
2021-07-01,57,0.52
2021-07-01,58,1.56
2021-08-01,0,100.0
2021-08-01,1,1.0
2021-08-01,2,2.24
2021-08-01,3,1.24
2021-08-01,4,1.24
2021-08-01,5,1.49
2021-08-01,6,1.99
2021-08-01,7,1.24
2021-08-01,8,1.0
2021-08-01,9,1.49
2021-08-01,10,1.0
2021-08-01,11,1.0
2021-08-01,12,0.75
2021-08-01,13,0.25
2021-08-01,14,0.75
2021-08-01,15,1.0
2021-08-01,16,0.25
2021-08-01,17,0.5
2021-08-01,18,0.75
2021-08-01,19,1.49
2021-08-01,20,1.49
2021-08-01,21,1.74
2021-08-01,22,1.74
2021-08-01,23,0.75
2021-08-01,24,0.75
2021-08-01,25,1.24
2021-08-01,26,1.24
2021-08-01,27,1.0
2021-08-01,28,0.75
2021-08-01,29,1.49
2021-08-01,30,1.49
2021-08-01,31,0.75
2021-08-01,32,1.24
2021-08-01,33,2.24
2021-08-01,34,0.75
2021-08-01,35,1.49
2021-08-01,36,0.5
2021-08-01,37,1.24
2021-08-01,38,0.25
2021-08-01,39,0.25
2021-08-01,40,1.99
2021-08-01,41,0.25
2021-08-01,42,1.49
2021-08-01,43,2.24
2021-08-01,44,1.24
2021-08-01,45,0.75
2021-08-01,46,1.0
2021-08-01,47,1.24
2021-08-01,48,1.49
2021-08-01,49,1.0
2021-08-01,50,0.5
2021-08-01,51,1.99
2021-08-01,52,1.0
2021-08-01,53,0.75
2021-08-01,54,1.0
2021-08-01,55,0.75
2021-08-01,57,1.0
2021-09-01,0,100.0
2021-09-01,1,2.0
2021-09-01,2,1.25
2021-09-01,3,0.75
2021-09-01,4,0.75
2021-09-01,5,0.75
2021-09-01,7,0.5
2021-09-01,8,0.5
2021-09-01,9,1.75
2021-09-01,10,1.5
2021-09-01,11,1.25
2021-09-01,12,0.75
2021-09-01,13,0.75
2021-09-01,14,0.5
2021-09-01,15,1.0
2021-09-01,16,1.25
2021-09-01,17,1.25
2021-09-01,18,1.0
2021-09-01,19,0.75
2021-09-01,20,1.0
2021-09-01,21,2.0
2021-09-01,22,1.25
2021-09-01,23,1.0
2021-09-01,24,0.75
2021-09-01,25,0.75
2021-09-01,26,0.5
2021-09-01,27,0.5
2021-09-01,28,0.5
2021-09-01,29,1.0
2021-09-01,30,0.75
2021-09-01,31,1.0
2021-09-01,32,0.25
2021-09-01,33,1.75
2021-09-01,34,0.75
2021-09-01,35,1.0
2021-09-01,36,0.75
2021-09-01,37,2.0
2021-09-01,38,1.75
2021-09-01,39,1.0
2021-09-01,40,1.5
2021-09-01,41,0.75
2021-09-01,42,0.25
2021-09-01,43,2.0
2021-09-01,44,0.25
2021-09-01,45,0.5
2021-09-01,46,2.5
2021-09-01,47,1.0
2021-09-01,48,1.5
2021-09-01,49,1.25
2021-09-01,50,2.0
2021-09-01,51,0.5
2021-09-01,52,0.75
2021-09-01,53,1.5
2021-09-01,54,1.25
2021-09-01,55,1.5
2021-09-01,56,0.75
2021-10-01,0,100.0
2021-10-01,1,0.67
2021-10-01,2,1.56
2021-10-01,3,2.01
2021-10-01,4,0.89
2021-10-01,5,2.01
2021-10-01,6,1.34
2021-10-01,7,1.34
2021-10-01,8,1.12
2021-10-01,9,2.01
2021-10-01,10,1.12
2021-10-01,11,1.12
2021-10-01,12,0.89
2021-10-01,13,0.22
2021-10-01,14,0.89
2021-10-01,15,2.01
2021-10-01,16,0.67
2021-10-01,17,1.12
2021-10-01,18,0.89
2021-10-01,19,1.56
2021-10-01,20,0.89
2021-10-01,21,0.89
2021-10-01,22,1.79
2021-10-01,23,1.56
2021-10-01,24,1.34
2021-10-01,25,2.46
2021-10-01,26,1.12
2021-10-01,27,1.12
2021-10-01,28,1.12
2021-10-01,29,1.56
2021-10-01,30,1.12
2021-10-01,31,1.79
2021-10-01,32,1.56
2021-10-01,33,0.89
2021-10-01,34,1.34
2021-10-01,35,0.67
2021-10-01,36,0.67
2021-10-01,37,0.67
2021-10-01,38,1.12
2021-10-01,39,1.56
2021-10-01,40,0.45
2021-10-01,41,1.56
2021-10-01,42,1.56
2021-10-01,43,0.22
2021-10-01,44,0.67
2021-10-01,45,0.45
2021-10-01,46,1.34
2021-10-01,47,0.89
2021-10-01,48,0.89
2021-10-01,49,1.34
2021-10-01,51,1.12
2021-10-01,52,0.67
2021-10-01,53,1.34
2021-10-01,54,1.79
2021-10-01,55,0.45
2021-10-01,56,0.22
2021-11-01,0,100.0
2021-11-01,1,0.71
2021-11-01,2,2.84
2021-11-01,3,1.66
2021-11-01,4,0.71
2021-11-01,5,1.42
2021-11-01,6,2.13
2021-11-01,7,0.71
2021-11-01,8,1.18
2021-11-01,9,0.71
2021-11-01,10,1.42
2021-11-01,11,1.42
2021-11-01,12,0.47
2021-11-01,13,1.66
2021-11-01,14,0.95
2021-11-01,15,1.42
2021-11-01,16,1.18
2021-11-01,17,1.42
2021-11-01,18,0.95
2021-11-01,19,0.47
2021-11-01,20,0.95
2021-11-01,21,1.66
2021-11-01,22,0.24
2021-11-01,23,0.47
2021-11-01,24,0.71
2021-11-01,26,1.42
2021-11-01,27,0.95
2021-11-01,28,0.71
2021-11-01,29,1.18
2021-11-01,30,0.95
2021-11-01,31,0.71
2021-11-01,32,1.9
2021-11-01,33,0.71
2021-11-01,34,0.71
2021-11-01,35,0.71
2021-11-01,36,2.37
2021-11-01,37,0.95
2021-11-01,38,0.47
2021-11-01,39,1.42
2021-11-01,40,0.71
2021-11-01,41,0.95
2021-11-01,42,0.71
2021-11-01,43,0.47
2021-11-01,44,0.47
2021-11-01,45,0.95
2021-11-01,46,1.18
2021-11-01,47,1.42
2021-11-01,48,1.18
2021-11-01,49,1.42
2021-11-01,50,0.24
2021-11-01,51,0.24
2021-11-01,52,0.47
2021-11-01,53,1.18
2021-11-01,54,1.66
2021-12-01,0,100.0
2021-12-01,1,1.35
2021-12-01,2,0.45
2021-12-01,3,1.58
2021-12-01,4,1.58
2021-12-01,5,1.13
2021-12-01,6,1.81
2021-12-01,7,0.68
2021-12-01,8,1.13
2021-12-01,9,0.68
2021-12-01,10,0.68
2021-12-01,11,0.9
2021-12-01,12,0.45
2021-12-01,13,1.58
2021-12-01,14,2.48
2021-12-01,15,1.58
2021-12-01,16,1.35
2021-12-01,17,1.13
2021-12-01,18,0.45
2021-12-01,19,0.68
2021-12-01,20,0.68
2021-12-01,21,0.9
2021-12-01,22,1.13
2021-12-01,23,1.58
2021-12-01,24,0.68
2021-12-01,25,1.13
2021-12-01,26,1.13
2021-12-01,27,1.35
2021-12-01,28,1.35
2021-12-01,29,1.81
2021-12-01,30,0.68
2021-12-01,31,1.13
2021-12-01,32,0.9
2021-12-01,33,0.45
2021-12-01,34,0.68
2021-12-01,35,1.81
2021-12-01,36,0.45
2021-12-01,37,1.35
2021-12-01,38,1.13
2021-12-01,39,2.48
2021-12-01,40,0.9
2021-12-01,41,0.68
2021-12-01,42,0.9
2021-12-01,43,1.13
2021-12-01,44,1.58
2021-12-01,45,0.9
2021-12-01,46,1.35
2021-12-01,47,0.9
2021-12-01,48,0.9
2021-12-01,49,1.35
2021-12-01,51,1.13
2021-12-01,52,1.13
2021-12-01,53,1.35
2021-12-01,54,0.23
2022-01-01,0,100.0
2022-01-01,1,1.71
2022-01-01,2,1.93
2022-01-01,3,0.86
2022-01-01,4,1.5
2022-01-01,5,1.28
2022-01-01,6,1.07
2022-01-01,7,0.86
2022-01-01,8,1.28
2022-01-01,9,1.5
2022-01-01,10,0.64
2022-01-01,11,0.43
2022-01-01,12,1.28
2022-01-01,13,0.43
2022-01-01,14,0.86
2022-01-01,15,1.5
2022-01-01,16,1.5
2022-01-01,17,1.93
2022-01-01,18,1.71
2022-01-01,19,1.71
2022-01-01,20,1.28
2022-01-01,21,1.71
2022-01-01,22,0.64
2022-01-01,23,1.07
2022-01-01,24,0.86
2022-01-01,25,0.86
2022-01-01,26,0.86
2022-01-01,27,0.86
2022-01-01,28,0.86
2022-01-01,29,1.71
2022-01-01,30,1.07
2022-01-01,31,0.86
2022-01-01,32,0.86
2022-01-01,33,1.71
2022-01-01,34,1.93
2022-01-01,35,1.28
2022-01-01,36,2.14
2022-01-01,37,1.93
2022-01-01,38,2.57
2022-01-01,39,2.14
2022-01-01,40,1.07
2022-01-01,41,2.57
2022-01-01,42,2.36
2022-01-01,43,0.86
2022-01-01,44,1.28
2022-01-01,45,1.93
2022-01-01,46,1.28
2022-01-01,47,1.71
2022-01-01,48,1.93
2022-01-01,49,0.64
2022-01-01,50,2.36
2022-01-01,51,0.86
2022-01-01,52,1.28
2022-01-01,53,0.21
2022-02-01,0,100.0
2022-02-01,1,1.16
2022-02-01,2,1.4
2022-02-01,3,1.16
2022-02-01,4,1.16
2022-02-01,5,1.16
2022-02-01,6,0.47
2022-02-01,7,0.93
2022-02-01,8,1.16
2022-02-01,9,1.16
2022-02-01,10,0.7
2022-02-01,11,0.7
2022-02-01,12,1.16
2022-02-01,13,1.86
2022-02-01,14,2.09
2022-02-01,15,0.93
2022-02-01,16,0.47
2022-02-01,17,0.7
2022-02-01,18,1.4
2022-02-01,19,0.7
2022-02-01,20,2.33
2022-02-01,21,0.93
2022-02-01,22,1.16
2022-02-01,23,1.16
2022-02-01,24,2.09
2022-02-01,25,1.16
2022-02-01,26,1.4
2022-02-01,27,2.09
2022-02-01,28,1.16
2022-02-01,29,1.16
2022-02-01,30,1.4
2022-02-01,31,2.56
2022-02-01,32,1.16
2022-02-01,33,1.4
2022-02-01,34,0.7
2022-02-01,35,1.86
2022-02-01,36,0.47
2022-02-01,37,1.16
2022-02-01,38,1.4
2022-02-01,39,1.4
2022-02-01,40,0.93
2022-02-01,41,1.86
2022-02-01,42,0.93
2022-02-01,43,0.93
2022-02-01,44,2.09
2022-02-01,45,0.47
2022-02-01,46,0.93
2022-02-01,47,0.47
2022-02-01,48,1.63
2022-02-01,49,0.93
2022-02-01,50,0.7
2022-02-01,51,1.4
2022-03-01,0,100.0
2022-03-01,1,1.06
2022-03-01,2,1.28
2022-03-01,3,1.06
2022-03-01,4,1.7
2022-03-01,5,1.7
2022-03-01,6,0.21
2022-03-01,7,1.7
2022-03-01,8,0.85
2022-03-01,9,0.85
2022-03-01,10,1.28
2022-03-01,11,0.64
2022-03-01,12,1.28
2022-03-01,13,1.06
2022-03-01,14,0.85
2022-03-01,15,0.43
2022-03-01,16,1.28
2022-03-01,17,0.85
2022-03-01,18,1.06
2022-03-01,19,0.85
2022-03-01,20,0.85
2022-03-01,21,1.49
2022-03-01,22,1.06
2022-03-01,23,1.06
2022-03-01,24,1.28
2022-03-01,25,0.85
2022-03-01,26,1.49
2022-03-01,27,1.28
2022-03-01,28,1.7
2022-03-01,29,1.06
2022-03-01,30,1.06
2022-03-01,31,0.85
2022-03-01,32,0.64
2022-03-01,33,1.28
2022-03-01,34,1.49
2022-03-01,35,1.49
2022-03-01,36,0.85
2022-03-01,37,0.64
2022-03-01,38,0.85
2022-03-01,39,1.49
2022-03-01,40,0.64
2022-03-01,41,1.7
2022-03-01,42,1.49
2022-03-01,43,0.85
2022-03-01,44,1.28
2022-03-01,45,0.85
2022-03-01,46,1.28
2022-03-01,47,1.28
2022-03-01,48,0.43
2022-03-01,49,1.49
2022-03-01,50,0.64
2022-04-01,0,100.0
2022-04-01,1,1.92
2022-04-01,2,1.49
2022-04-01,3,0.43
2022-04-01,4,0.85
2022-04-01,5,0.64
2022-04-01,6,1.28
2022-04-01,7,1.28
2022-04-01,8,0.64
2022-04-01,9,1.07
2022-04-01,10,0.43
2022-04-01,11,1.49
2022-04-01,12,0.43
2022-04-01,13,1.92
2022-04-01,14,0.21
2022-04-01,15,1.07
2022-04-01,16,1.07
2022-04-01,17,0.85
2022-04-01,18,0.64
2022-04-01,19,0.43
2022-04-01,20,1.28
2022-04-01,21,1.49
2022-04-01,22,0.85
2022-04-01,23,1.07
2022-04-01,24,1.49
2022-04-01,25,0.85
2022-04-01,26,2.13
2022-04-01,27,1.28
2022-04-01,28,0.85
2022-04-01,29,1.07
2022-04-01,30,1.71
2022-04-01,31,1.28
2022-04-01,32,1.07
2022-04-01,33,0.85
2022-04-01,34,1.28
2022-04-01,35,1.07
2022-04-01,36,1.07
2022-04-01,37,1.07
2022-04-01,38,1.71
2022-04-01,39,1.07
2022-04-01,40,0.85
2022-04-01,41,1.28
2022-04-01,42,1.07
2022-04-01,43,0.43
2022-04-01,44,0.85
2022-04-01,45,0.85
2022-04-01,46,0.64
2022-04-01,47,1.28
2022-04-01,48,0.85
2022-04-01,49,2.13
2022-05-01,0,100.0
2022-05-01,1,1.57
2022-05-01,2,0.59
2022-05-01,3,1.37
2022-05-01,4,0.98
2022-05-01,5,1.17
2022-05-01,6,1.17
2022-05-01,7,0.2
2022-05-01,8,1.57
2022-05-01,9,1.76
2022-05-01,10,0.78
2022-05-01,11,2.15
2022-05-01,12,0.98
2022-05-01,13,1.96
2022-05-01,14,0.59
2022-05-01,15,1.37
2022-05-01,16,0.39
2022-05-01,17,1.37
2022-05-01,18,0.78
2022-05-01,19,1.37
2022-05-01,20,0.78
2022-05-01,21,1.17
2022-05-01,22,1.57
2022-05-01,23,2.15
2022-05-01,24,1.17
2022-05-01,25,1.37
2022-05-01,26,2.15
2022-05-01,27,0.59
2022-05-01,28,1.17
2022-05-01,29,0.98
2022-05-01,30,0.59
2022-05-01,31,1.76
2022-05-01,32,0.78
2022-05-01,33,1.17
2022-05-01,34,1.37
2022-05-01,35,1.96
2022-05-01,36,1.96
2022-05-01,37,1.37
2022-05-01,38,0.2
2022-05-01,39,0.59
2022-05-01,40,0.78
2022-05-01,41,0.59
2022-05-01,42,2.15
2022-05-01,43,1.57
2022-05-01,44,1.37
2022-05-01,45,1.17
2022-05-01,46,1.57
2022-05-01,47,0.59
2022-05-01,48,0.98
2022-05-01,49,0.39
2022-06-01,0,100.0
2022-06-01,1,1.12
2022-06-01,2,1.87
2022-06-01,3,1.5
2022-06-01,4,1.31
2022-06-01,5,1.12
2022-06-01,6,0.94
2022-06-01,7,0.94
2022-06-01,8,0.37
2022-06-01,9,0.94
2022-06-01,10,1.31
2022-06-01,11,1.12
2022-06-01,12,1.31
2022-06-01,13,1.5
2022-06-01,14,1.31
2022-06-01,15,0.56
2022-06-01,16,1.69
2022-06-01,17,0.94
2022-06-01,18,1.12
2022-06-01,19,0.75
2022-06-01,20,0.56
2022-06-01,21,1.87
2022-06-01,22,0.94
2022-06-01,23,1.31
2022-06-01,24,1.31
2022-06-01,25,1.87
2022-06-01,26,1.31
2022-06-01,27,0.75
2022-06-01,28,1.31
2022-06-01,29,0.56
2022-06-01,30,0.19
2022-06-01,31,2.06
2022-06-01,32,1.12
2022-06-01,33,1.5
2022-06-01,34,1.12
2022-06-01,35,0.94
2022-06-01,36,0.37
2022-06-01,37,1.12
2022-06-01,38,2.06
2022-06-01,39,1.31
2022-06-01,40,1.12
2022-06-01,41,1.5
2022-06-01,42,1.31
2022-06-01,43,0.94
2022-06-01,44,1.12
2022-06-01,45,1.69
2022-06-01,46,1.12
2022-06-01,47,0.75
2022-07-01,0,100.0
2022-07-01,1,1.26
2022-07-01,2,1.44
2022-07-01,3,0.9
2022-07-01,4,0.36
2022-07-01,5,1.62
2022-07-01,6,1.44
2022-07-01,7,2.16
2022-07-01,8,2.16
2022-07-01,9,1.26
2022-07-01,10,1.08
2022-07-01,11,0.72
2022-07-01,12,1.8
2022-07-01,13,0.72
2022-07-01,14,0.72
2022-07-01,15,1.26
2022-07-01,16,1.26
2022-07-01,17,1.62
2022-07-01,18,1.44
2022-07-01,19,0.9
2022-07-01,20,0.54
2022-07-01,21,0.54
2022-07-01,22,1.44
2022-07-01,23,0.72
2022-07-01,24,1.08
2022-07-01,25,1.26
2022-07-01,26,1.08
2022-07-01,27,0.54
2022-07-01,28,1.62
2022-07-01,29,1.26
2022-07-01,30,0.72
2022-07-01,31,0.9
2022-07-01,32,0.18
2022-07-01,33,2.16
2022-07-01,34,1.08
2022-07-01,35,1.44
2022-07-01,36,1.08
2022-07-01,37,1.62
2022-07-01,38,0.9
2022-07-01,39,1.26
2022-07-01,40,1.44
2022-07-01,41,2.34
2022-07-01,42,1.62
2022-07-01,43,0.72
2022-07-01,44,1.44
2022-07-01,45,0.72
2022-07-01,46,0.72
2022-07-01,47,0.36
2022-08-01,0,100.0
2022-08-01,1,1.1
2022-08-01,2,0.92
2022-08-01,3,1.47
2022-08-01,4,1.47
2022-08-01,5,1.47
2022-08-01,6,1.28
2022-08-01,7,1.1
2022-08-01,8,1.28
2022-08-01,9,1.65
2022-08-01,10,1.47
2022-08-01,11,0.92
2022-08-01,12,0.92
2022-08-01,13,1.1
2022-08-01,14,2.01
2022-08-01,15,1.47
2022-08-01,16,0.73
2022-08-01,17,1.47
2022-08-01,18,1.1
2022-08-01,19,1.47
2022-08-01,20,0.37
2022-08-01,21,0.92
2022-08-01,22,1.1
2022-08-01,23,1.83
2022-08-01,24,0.92
2022-08-01,25,1.28
2022-08-01,26,1.83
2022-08-01,27,1.83
2022-08-01,28,1.83
2022-08-01,29,2.2
2022-08-01,30,0.73
2022-08-01,31,0.73
2022-08-01,32,0.73
2022-08-01,33,1.1
2022-08-01,34,0.37
2022-08-01,35,0.92
2022-08-01,36,1.83
2022-08-01,37,1.28
2022-08-01,38,0.73
2022-08-01,39,0.73
2022-08-01,40,1.83
2022-08-01,41,0.92
2022-08-01,42,1.1
2022-08-01,43,1.1
2022-08-01,44,1.65
2022-08-01,45,1.65
2022-08-01,46,0.37
2022-09-01,0,100.0
2022-09-01,1,0.9
2022-09-01,2,0.72
2022-09-01,3,0.9
2022-09-01,4,1.08
2022-09-01,5,0.9
2022-09-01,6,1.08
2022-09-01,7,1.44
2022-09-01,8,2.71
2022-09-01,9,0.36
2022-09-01,10,0.9
2022-09-01,11,1.44
2022-09-01,12,1.26
2022-09-01,13,1.62
2022-09-01,14,1.62
2022-09-01,15,1.81
2022-09-01,16,0.72
2022-09-01,17,0.72
2022-09-01,18,1.81
2022-09-01,19,2.35
2022-09-01,20,0.9
2022-09-01,21,1.26
2022-09-01,22,1.62
2022-09-01,23,1.08
2022-09-01,24,1.44
2022-09-01,25,1.81
2022-09-01,26,1.08
2022-09-01,27,1.08
2022-09-01,28,1.26
2022-09-01,29,1.44
2022-09-01,30,0.18
2022-09-01,31,0.9
2022-09-01,32,0.9
2022-09-01,33,1.26
2022-09-01,34,1.81
2022-09-01,35,1.26
2022-09-01,36,0.9
2022-09-01,37,0.9
2022-09-01,38,0.36
2022-09-01,39,2.17
2022-09-01,40,1.08
2022-09-01,41,1.26
2022-09-01,42,0.9
2022-09-01,43,1.26
2022-09-01,44,1.44
2022-09-01,45,0.18
2022-10-01,0,100.0
2022-10-01,1,1.41
2022-10-01,2,0.88
2022-10-01,3,1.06
2022-10-01,4,0.53
2022-10-01,5,1.76
2022-10-01,6,0.53
2022-10-01,7,1.76
2022-10-01,8,0.7
2022-10-01,9,1.58
2022-10-01,10,1.06
2022-10-01,11,1.94
2022-10-01,12,1.76
2022-10-01,13,1.41
2022-10-01,14,1.23
2022-10-01,15,1.23
2022-10-01,16,1.23
2022-10-01,17,1.76
2022-10-01,18,2.11
2022-10-01,19,1.06
2022-10-01,20,1.06
2022-10-01,21,2.46
2022-10-01,22,1.94
2022-10-01,23,1.58
2022-10-01,24,2.99
2022-10-01,25,1.23
2022-10-01,26,1.58
2022-10-01,27,1.41
2022-10-01,28,0.88
2022-10-01,29,1.23
2022-10-01,30,1.23
2022-10-01,31,0.53
2022-10-01,32,0.53
2022-10-01,33,1.41
2022-10-01,34,0.88
2022-10-01,35,0.88
2022-10-01,36,1.94
2022-10-01,37,1.41
2022-10-01,38,2.11
2022-10-01,39,0.7
2022-10-01,40,1.06
2022-10-01,41,1.58
2022-10-01,42,0.7
2022-10-01,43,1.06
2022-10-01,44,0.18
2022-11-01,0,100.0
2022-11-01,1,1.29
2022-11-01,2,1.45
2022-11-01,3,0.32
2022-11-01,4,0.81
2022-11-01,5,0.97
2022-11-01,6,1.13
2022-11-01,7,1.29
2022-11-01,8,1.29
2022-11-01,9,0.48
2022-11-01,10,1.13
2022-11-01,11,0.64
2022-11-01,12,0.48
2022-11-01,13,0.97
2022-11-01,14,1.29
2022-11-01,15,0.64
2022-11-01,16,0.48
2022-11-01,17,0.64
2022-11-01,18,1.13
2022-11-01,19,0.97
2022-11-01,20,0.97
2022-11-01,21,1.93
2022-11-01,22,1.45
2022-11-01,23,1.29
2022-11-01,24,1.45
2022-11-01,25,1.29
2022-11-01,26,1.45
2022-11-01,27,0.64
2022-11-01,28,1.77
2022-11-01,29,1.45
2022-11-01,30,1.93
2022-11-01,31,0.97
2022-11-01,32,1.29
2022-11-01,33,1.13
2022-11-01,34,1.13
2022-11-01,35,1.61
2022-11-01,36,1.61
2022-11-01,37,0.97
2022-11-01,38,0.48
2022-11-01,39,0.81
2022-11-01,40,0.97
2022-11-01,41,1.45
2022-11-01,42,1.45
2022-12-01,0,100.0
2022-12-01,1,1.07
2022-12-01,2,1.37
2022-12-01,3,1.07
2022-12-01,4,1.07
2022-12-01,5,0.91
2022-12-01,6,0.91
2022-12-01,7,0.91
2022-12-01,8,1.52
2022-12-01,9,1.37
2022-12-01,10,1.67
2022-12-01,11,0.61
2022-12-01,12,0.76
2022-12-01,13,1.37
2022-12-01,14,0.61
2022-12-01,16,1.37
2022-12-01,17,1.52
2022-12-01,18,1.07
2022-12-01,19,1.52
2022-12-01,20,1.83
2022-12-01,21,1.98
2022-12-01,22,1.37
2022-12-01,23,1.37
2022-12-01,24,1.37
2022-12-01,25,1.83
2022-12-01,26,0.3
2022-12-01,27,1.83
2022-12-01,28,1.07
2022-12-01,29,1.83
2022-12-01,30,1.37
2022-12-01,31,0.61
2022-12-01,32,0.91
2022-12-01,33,0.76
2022-12-01,34,0.76
2022-12-01,35,1.83
2022-12-01,36,1.07
2022-12-01,37,1.37
2022-12-01,38,0.76
2022-12-01,39,1.07
2022-12-01,40,1.52
2022-12-01,41,1.37
2022-12-01,42,0.15
2023-01-01,0,100.0
2023-01-01,1,0.66
2023-01-01,2,2.47
2023-01-01,3,2.47
2023-01-01,4,0.99
2023-01-01,5,1.64
2023-01-01,6,0.99
2023-01-01,7,0.66
2023-01-01,8,1.81
2023-01-01,9,0.99
2023-01-01,10,1.64
2023-01-01,11,1.32
2023-01-01,12,2.14
2023-01-01,13,1.15
2023-01-01,14,1.32
2023-01-01,15,1.48
2023-01-01,16,1.32
2023-01-01,17,1.64
2023-01-01,18,1.15
2023-01-01,19,0.82
2023-01-01,20,0.66
2023-01-01,21,0.82
2023-01-01,22,0.82
2023-01-01,23,1.48
2023-01-01,24,2.14
2023-01-01,25,0.99
2023-01-01,26,1.32
2023-01-01,27,1.32
2023-01-01,28,1.15
2023-01-01,29,1.32
2023-01-01,30,0.33
2023-01-01,31,1.48
2023-01-01,32,0.66
2023-01-01,33,1.81
2023-01-01,34,2.14
2023-01-01,35,1.97
2023-01-01,36,0.99
2023-01-01,37,1.48
2023-01-01,38,0.82
2023-01-01,39,1.48
2023-01-01,40,1.32
2023-01-01,41,0.16
2023-02-01,0,100.0
2023-02-01,1,1.53
2023-02-01,2,1.36
2023-02-01,3,1.19
2023-02-01,4,1.19
2023-02-01,5,1.53
2023-02-01,6,1.02
2023-02-01,7,1.19
2023-02-01,8,0.85
2023-02-01,9,0.85
2023-02-01,10,1.7
2023-02-01,11,1.19
2023-02-01,12,0.85
2023-02-01,13,2.04
2023-02-01,14,1.36
2023-02-01,15,0.68
2023-02-01,16,1.02
2023-02-01,17,0.34
2023-02-01,18,0.85
2023-02-01,19,1.87
2023-02-01,20,1.19
2023-02-01,21,1.87
2023-02-01,22,1.19
2023-02-01,23,0.68
2023-02-01,24,1.7
2023-02-01,25,1.53
2023-02-01,26,1.53
2023-02-01,27,2.04
2023-02-01,28,0.68
2023-02-01,29,1.19
2023-02-01,30,1.87
2023-02-01,31,1.36
2023-02-01,32,1.02
2023-02-01,33,1.53
2023-02-01,34,1.19
2023-02-01,35,2.04
2023-02-01,36,1.19
2023-02-01,37,0.85
2023-02-01,38,1.02
2023-02-01,39,1.53
2023-02-01,40,0.17
2023-03-01,0,100.0
2023-03-01,1,0.88
2023-03-01,2,1.32
2023-03-01,3,1.32
2023-03-01,4,1.03
2023-03-01,5,1.32
2023-03-01,6,1.32
2023-03-01,7,2.21
2023-03-01,8,1.18
2023-03-01,9,2.21
2023-03-01,10,1.18
2023-03-01,11,1.76
2023-03-01,12,0.74
2023-03-01,13,1.18
2023-03-01,14,1.91
2023-03-01,15,1.76
2023-03-01,16,1.62
2023-03-01,17,1.91
2023-03-01,18,1.91
2023-03-01,19,1.18
2023-03-01,20,1.47
2023-03-01,21,1.91
2023-03-01,22,1.18
2023-03-01,23,1.18
2023-03-01,24,1.03
2023-03-01,25,1.03
2023-03-01,26,1.47
2023-03-01,27,0.74
2023-03-01,28,1.62
2023-03-01,29,1.03
2023-03-01,30,0.74
2023-03-01,31,1.03
2023-03-01,32,1.76
2023-03-01,33,0.88
2023-03-01,34,1.03
2023-03-01,35,1.18
2023-03-01,36,1.18
2023-03-01,37,1.18
2023-03-01,38,1.62
2023-03-01,39,0.15
2023-04-01,0,100.0
2023-04-01,1,1.16
2023-04-01,2,1.45
2023-04-01,3,1.16
2023-04-01,4,2.76
2023-04-01,5,1.02
2023-04-01,6,1.45
2023-04-01,7,1.16
2023-04-01,8,1.16
2023-04-01,9,1.6
2023-04-01,10,0.73
2023-04-01,11,1.45
2023-04-01,12,0.87
2023-04-01,13,1.16
2023-04-01,14,1.6
2023-04-01,15,1.45
2023-04-01,16,1.02
2023-04-01,17,2.03
2023-04-01,18,1.16
2023-04-01,19,1.16
2023-04-01,20,1.45
2023-04-01,21,0.73
2023-04-01,22,0.29
2023-04-01,23,1.6
2023-04-01,24,1.45
2023-04-01,25,2.03
2023-04-01,26,0.87
2023-04-01,27,1.31
2023-04-01,28,0.87
2023-04-01,29,1.31
2023-04-01,30,0.58
2023-04-01,31,1.16
2023-04-01,32,0.87
2023-04-01,33,2.32
2023-04-01,34,1.74
2023-04-01,35,1.74
2023-04-01,36,1.31
2023-04-01,37,1.89
2023-04-01,38,0.15
2023-05-01,0,100.0
2023-05-01,1,0.99
2023-05-01,2,1.13
2023-05-01,3,0.99
2023-05-01,4,1.28
2023-05-01,5,1.99
2023-05-01,6,1.84
2023-05-01,7,1.42
2023-05-01,8,2.41
2023-05-01,9,1.13
2023-05-01,10,0.99
2023-05-01,11,1.42
2023-05-01,12,1.28
2023-05-01,13,1.56
2023-05-01,14,2.41
2023-05-01,15,1.42
2023-05-01,16,1.13
2023-05-01,17,0.85
2023-05-01,18,1.28
2023-05-01,19,1.42
2023-05-01,20,1.84
2023-05-01,21,0.85
2023-05-01,22,1.28
2023-05-01,23,1.28
2023-05-01,24,0.85
2023-05-01,25,1.42
2023-05-01,26,1.42
2023-05-01,27,1.13
2023-05-01,28,1.42
2023-05-01,29,1.56
2023-05-01,30,0.28
2023-05-01,31,2.13
2023-05-01,32,0.57
2023-05-01,33,0.57
2023-05-01,34,1.56
2023-05-01,35,1.7
2023-05-01,36,0.99
2023-05-01,37,0.28
2023-06-01,0,100.0
2023-06-01,1,1.55
2023-06-01,2,1.97
2023-06-01,3,0.99
2023-06-01,4,2.26
2023-06-01,5,1.55
2023-06-01,6,1.55
2023-06-01,7,0.85
2023-06-01,8,1.27
2023-06-01,9,1.41
2023-06-01,10,1.27
2023-06-01,11,0.85
2023-06-01,12,0.85
2023-06-01,13,0.71
2023-06-01,14,1.27
2023-06-01,15,1.83
2023-06-01,16,0.56
2023-06-01,17,1.13
2023-06-01,18,1.27
2023-06-01,19,1.13
2023-06-01,20,1.55
2023-06-01,21,1.55
2023-06-01,22,1.69
2023-06-01,23,1.41
2023-06-01,24,1.97
2023-06-01,25,1.69
2023-06-01,26,0.99
2023-06-01,27,1.83
2023-06-01,28,1.55
2023-06-01,29,2.12
2023-06-01,30,0.85
2023-06-01,31,0.99
2023-06-01,32,1.55
2023-06-01,33,1.41
2023-06-01,34,1.55
2023-06-01,35,1.69
2023-06-01,36,0.14
2023-07-01,0,100.0
2023-07-01,1,1.31
2023-07-01,2,1.44
2023-07-01,3,1.17
2023-07-01,4,0.91
2023-07-01,5,1.44
2023-07-01,6,1.83
2023-07-01,7,1.44
2023-07-01,8,1.04
2023-07-01,9,1.57
2023-07-01,10,1.17
2023-07-01,11,1.31
2023-07-01,12,1.83
2023-07-01,13,1.17
2023-07-01,14,2.22
2023-07-01,15,2.09
2023-07-01,16,0.91
2023-07-01,17,1.57
2023-07-01,18,1.31
2023-07-01,19,1.7
2023-07-01,20,1.83
2023-07-01,21,0.91
2023-07-01,22,1.7
2023-07-01,23,1.7
2023-07-01,24,2.48
2023-07-01,25,1.04
2023-07-01,26,1.17
2023-07-01,27,1.57
2023-07-01,28,1.17
2023-07-01,29,1.31
2023-07-01,30,1.96
2023-07-01,31,1.17
2023-07-01,32,1.31
2023-07-01,33,1.57
2023-07-01,34,1.04
2023-07-01,35,0.26
2023-08-01,0,100.0
2023-08-01,1,1.12
2023-08-01,2,0.87
2023-08-01,3,1.49
2023-08-01,4,1.12
2023-08-01,5,1.12
2023-08-01,6,1.37
2023-08-01,7,1.74
2023-08-01,8,1.37
2023-08-01,9,1.25
2023-08-01,10,1.49
2023-08-01,11,1.74
2023-08-01,12,1.74
2023-08-01,13,1.25
2023-08-01,14,1.12
2023-08-01,15,2.12
2023-08-01,16,2.24
2023-08-01,17,1.49
2023-08-01,18,1.25
2023-08-01,19,1.0
2023-08-01,20,1.62
2023-08-01,21,1.25
2023-08-01,22,1.12
2023-08-01,23,1.62
2023-08-01,24,1.0
2023-08-01,25,1.74
2023-08-01,26,0.87
2023-08-01,27,1.62
2023-08-01,28,1.74
2023-08-01,29,1.37
2023-08-01,30,0.62
2023-08-01,31,1.25
2023-08-01,32,1.12
2023-08-01,33,1.49
2023-09-01,0,100.0
2023-09-01,1,1.81
2023-09-01,2,1.45
2023-09-01,3,2.65
2023-09-01,4,1.57
2023-09-01,5,1.93
2023-09-01,6,1.08
2023-09-01,7,1.33
2023-09-01,8,1.93
2023-09-01,9,1.33
2023-09-01,10,0.96
2023-09-01,11,1.81
2023-09-01,12,0.96
2023-09-01,13,2.05
2023-09-01,14,1.69
2023-09-01,15,1.69
2023-09-01,16,1.69
2023-09-01,17,1.33
2023-09-01,18,1.2
2023-09-01,19,1.08
2023-09-01,20,1.93
2023-09-01,21,1.69
2023-09-01,22,1.45
2023-09-01,23,2.05
2023-09-01,24,0.84
2023-09-01,25,1.2
2023-09-01,26,0.96
2023-09-01,27,1.69
2023-09-01,28,1.69
2023-09-01,29,0.84
2023-09-01,30,1.2
2023-09-01,31,1.08
2023-09-01,32,1.33
2023-09-01,33,0.48
2023-10-01,0,100.0
2023-10-01,1,2.31
2023-10-01,2,1.15
2023-10-01,3,1.62
2023-10-01,4,1.04
2023-10-01,5,3.0
2023-10-01,6,0.92
2023-10-01,7,1.73
2023-10-01,8,1.5
2023-10-01,9,0.81
2023-10-01,10,1.85
2023-10-01,11,1.96
2023-10-01,12,1.04
2023-10-01,13,1.15
2023-10-01,14,1.27
2023-10-01,15,1.73
2023-10-01,16,0.92
2023-10-01,17,1.85
2023-10-01,18,1.96
2023-10-01,19,1.15
2023-10-01,20,0.92
2023-10-01,21,1.04
2023-10-01,22,1.39
2023-10-01,23,1.27
2023-10-01,24,1.85
2023-10-01,25,1.04
2023-10-01,26,1.39
2023-10-01,27,1.5
2023-10-01,28,1.27
2023-10-01,29,1.15
2023-10-01,30,1.39
2023-10-01,31,0.92
2023-10-01,32,0.23
2023-11-01,0,100.0
2023-11-01,1,1.82
2023-11-01,2,1.33
2023-11-01,3,1.33
2023-11-01,4,1.33
2023-11-01,5,1.33
2023-11-01,6,1.58
2023-11-01,7,1.82
2023-11-01,8,1.7
2023-11-01,9,1.33
2023-11-01,10,1.33
2023-11-01,11,1.21
2023-11-01,12,1.94
2023-11-01,13,1.21
2023-11-01,14,1.7
2023-11-01,15,1.58
2023-11-01,16,1.7
2023-11-01,17,0.85
2023-11-01,18,2.18
2023-11-01,19,2.18
2023-11-01,20,1.58
2023-11-01,21,2.18
2023-11-01,22,2.18
2023-11-01,23,1.21
2023-11-01,24,1.7
2023-11-01,25,1.21
2023-11-01,26,1.45
2023-11-01,27,1.58
2023-11-01,28,1.58
2023-11-01,29,1.45
2023-11-01,30,1.21
2023-11-01,31,0.24
2023-12-01,0,100.0
2023-12-01,1,1.98
2023-12-01,2,1.52
2023-12-01,3,1.52
2023-12-01,4,1.17
2023-12-01,5,1.98
2023-12-01,6,1.05
2023-12-01,7,1.87
2023-12-01,8,1.63
2023-12-01,9,1.98
2023-12-01,10,1.75
2023-12-01,11,0.82
2023-12-01,12,1.4
2023-12-01,13,1.52
2023-12-01,14,1.87
2023-12-01,15,1.75
2023-12-01,16,1.75
2023-12-01,17,1.52
2023-12-01,18,1.17
2023-12-01,19,1.4
2023-12-01,20,2.1
2023-12-01,21,1.28
2023-12-01,22,1.75
2023-12-01,23,1.63
2023-12-01,24,1.52
2023-12-01,25,1.87
2023-12-01,26,1.28
2023-12-01,27,1.52
2023-12-01,28,1.28
2023-12-01,29,1.87
2024-01-01,0,100.0
2024-01-01,1,1.22
2024-01-01,2,1.88
2024-01-01,3,1.66
2024-01-01,4,2.1
2024-01-01,5,1.33
2024-01-01,6,1.1
2024-01-01,7,1.99
2024-01-01,8,0.99
2024-01-01,9,1.77
2024-01-01,10,1.77
2024-01-01,11,2.1
2024-01-01,12,1.55
2024-01-01,13,1.22
2024-01-01,14,1.66
2024-01-01,15,2.43
2024-01-01,16,2.32
2024-01-01,17,1.77
2024-01-01,18,2.32
2024-01-01,19,1.55
2024-01-01,20,2.21
2024-01-01,21,1.22
2024-01-01,22,1.88
2024-01-01,23,1.99
2024-01-01,24,2.1
2024-01-01,25,1.55
2024-01-01,26,1.77
2024-01-01,27,1.44
2024-01-01,28,1.55
2024-01-01,29,0.11
2024-02-01,0,100.0
2024-02-01,1,1.97
2024-02-01,2,1.27
2024-02-01,3,2.2
2024-02-01,4,1.85
2024-02-01,5,1.39
2024-02-01,6,1.04
2024-02-01,7,1.62
2024-02-01,8,1.04
2024-02-01,9,1.85
2024-02-01,10,0.92
2024-02-01,11,1.85
2024-02-01,12,1.62
2024-02-01,13,1.85
2024-02-01,14,1.5
2024-02-01,15,1.73
2024-02-01,16,1.85
2024-02-01,17,2.2
2024-02-01,18,2.31
2024-02-01,19,2.2
2024-02-01,20,2.54
2024-02-01,21,2.43
2024-02-01,22,2.2
2024-02-01,23,0.92
2024-02-01,24,2.31
2024-02-01,25,1.73
2024-02-01,26,2.08
2024-02-01,27,1.39
2024-02-01,28,0.23
2024-03-01,0,100.0
2024-03-01,1,1.93
2024-03-01,2,2.36
2024-03-01,3,1.72
2024-03-01,4,2.58
2024-03-01,5,1.93
2024-03-01,6,1.39
2024-03-01,7,2.04
2024-03-01,8,1.61
2024-03-01,9,1.82
2024-03-01,10,2.25
2024-03-01,11,1.82
2024-03-01,12,1.82
2024-03-01,13,1.5
2024-03-01,14,1.39
2024-03-01,15,1.18
2024-03-01,16,1.82
2024-03-01,17,1.5
2024-03-01,18,1.29
2024-03-01,19,1.93
2024-03-01,20,1.39
2024-03-01,21,2.15
2024-03-01,22,1.18
2024-03-01,23,1.61
2024-03-01,24,2.68
2024-03-01,25,2.15
2024-03-01,26,2.25
2024-03-01,27,0.21
2024-04-01,0,100.0
2024-04-01,1,1.63
2024-04-01,2,2.39
2024-04-01,3,1.52
2024-04-01,4,1.74
2024-04-01,5,1.63
2024-04-01,6,1.08
2024-04-01,7,1.63
2024-04-01,8,2.06
2024-04-01,9,2.28
2024-04-01,10,0.87
2024-04-01,11,2.49
2024-04-01,12,1.95
2024-04-01,13,0.65
2024-04-01,14,1.63
2024-04-01,15,1.84
2024-04-01,16,1.84
2024-04-01,17,0.98
2024-04-01,18,1.84
2024-04-01,19,1.52
2024-04-01,20,2.6
2024-04-01,21,1.63
2024-04-01,22,1.3
2024-04-01,23,1.84
2024-04-01,24,2.28
2024-04-01,25,1.19
2024-04-01,26,0.43
2024-05-01,0,100.0
2024-05-01,1,1.09
2024-05-01,2,2.18
2024-05-01,3,1.09
2024-05-01,4,1.29
2024-05-01,5,1.29
2024-05-01,6,1.19
2024-05-01,7,2.08
2024-05-01,8,1.98
2024-05-01,9,1.39
2024-05-01,10,1.49
2024-05-01,11,1.19
2024-05-01,12,2.28
2024-05-01,13,1.98
2024-05-01,14,1.88
2024-05-01,15,1.29
2024-05-01,16,1.39
2024-05-01,17,2.08
2024-05-01,18,2.08
2024-05-01,19,1.98
2024-05-01,20,2.18
2024-05-01,21,1.88
2024-05-01,22,2.18
2024-05-01,23,1.78
2024-05-01,24,2.18
2024-05-01,25,0.3
2024-06-01,0,100.0
2024-06-01,1,1.83
2024-06-01,2,1.32
2024-06-01,3,1.43
2024-06-01,4,0.71
2024-06-01,5,2.55
2024-06-01,6,1.43
2024-06-01,7,1.32
2024-06-01,8,1.02
2024-06-01,9,2.75
2024-06-01,10,1.53
2024-06-01,11,1.53
2024-06-01,12,1.73
2024-06-01,13,1.43
2024-06-01,14,1.43
2024-06-01,15,1.73
2024-06-01,16,1.43
2024-06-01,17,0.92
2024-06-01,18,2.34
2024-06-01,19,2.14
2024-06-01,20,0.92
2024-06-01,21,1.73
2024-06-01,22,1.12
2024-06-01,23,1.32
2024-06-01,24,0.1
2024-07-01,0,100.0
2024-07-01,1,1.59
2024-07-01,2,2.43
2024-07-01,3,1.12
2024-07-01,4,1.87
2024-07-01,5,2.15
2024-07-01,6,2.15
2024-07-01,7,1.59
2024-07-01,8,1.68
2024-07-01,9,1.96
2024-07-01,10,1.59
2024-07-01,11,1.4
2024-07-01,12,2.24
2024-07-01,13,1.78
2024-07-01,14,1.12
2024-07-01,15,2.34
2024-07-01,16,1.21
2024-07-01,17,1.87
2024-07-01,18,2.06
2024-07-01,19,1.78
2024-07-01,20,1.59
2024-07-01,21,1.5
2024-07-01,22,2.43
2024-07-01,23,0.28
2024-08-01,0,100.0
2024-08-01,1,2.33
2024-08-01,2,2.15
2024-08-01,3,1.77
2024-08-01,4,2.71
2024-08-01,5,1.87
2024-08-01,6,1.59
2024-08-01,7,1.68
2024-08-01,8,2.43
2024-08-01,9,1.87
2024-08-01,10,2.05
2024-08-01,11,2.24
2024-08-01,12,2.15
2024-08-01,13,1.49
2024-08-01,14,2.15
2024-08-01,15,2.15
2024-08-01,16,1.59
2024-08-01,17,1.68
2024-08-01,18,1.4
2024-08-01,19,1.96
2024-08-01,20,1.68
2024-08-01,21,2.24
2024-08-01,22,0.37
2024-09-01,0,100.0
2024-09-01,1,1.83
2024-09-01,2,1.56
2024-09-01,3,1.65
2024-09-01,4,1.28
2024-09-01,5,1.56
2024-09-01,6,2.47
2024-09-01,7,2.01
2024-09-01,8,2.56
2024-09-01,9,2.2
2024-09-01,10,1.83
2024-09-01,11,1.92
2024-09-01,12,1.74
2024-09-01,13,1.92
2024-09-01,14,1.47
2024-09-01,15,2.01
2024-09-01,16,1.28
2024-09-01,17,2.11
2024-09-01,18,1.56
2024-09-01,19,2.01
2024-09-01,20,2.66
2024-09-01,21,0.37
2024-10-01,0,100.0
2024-10-01,1,2.23
2024-10-01,2,2.04
2024-10-01,3,2.41
2024-10-01,4,1.86
2024-10-01,5,2.04
2024-10-01,6,1.86
2024-10-01,7,1.21
2024-10-01,8,1.67
2024-10-01,9,2.23
2024-10-01,10,2.32
2024-10-01,11,2.41
2024-10-01,12,2.41
2024-10-01,13,2.04
2024-10-01,14,2.23
2024-10-01,15,1.58
2024-10-01,16,1.11
2024-10-01,17,2.04
2024-10-01,18,1.86
2024-10-01,19,1.86
2024-10-01,20,0.46
2024-11-01,0,100.0
2024-11-01,1,1.64
2024-11-01,2,1.73
2024-11-01,3,1.18
2024-11-01,4,2.73
2024-11-01,5,1.46
2024-11-01,6,2.27
2024-11-01,7,1.46
2024-11-01,8,2.18
2024-11-01,9,1.55
2024-11-01,10,2.64
2024-11-01,11,2.46
2024-11-01,12,2.0
2024-11-01,13,2.09
2024-11-01,14,2.27
2024-11-01,15,2.37
2024-11-01,16,2.0
2024-11-01,17,2.27
2024-11-01,18,2.82
2024-11-01,19,0.27
2024-12-01,0,100.0
2024-12-01,1,1.97
2024-12-01,2,1.97
2024-12-01,3,2.06
2024-12-01,4,1.89
2024-12-01,5,1.63
2024-12-01,6,2.4
2024-12-01,7,1.8
2024-12-01,8,2.06
2024-12-01,9,2.06
2024-12-01,10,1.97
2024-12-01,11,1.8
2024-12-01,12,3.17
2024-12-01,13,3.08
2024-12-01,14,1.8
2024-12-01,15,3.26
2024-12-01,16,2.14
2024-12-01,17,2.57
2024-12-01,18,0.26
2025-01-01,0,100.0
2025-01-01,1,1.83
2025-01-01,2,2.38
2025-01-01,3,2.54
2025-01-01,4,1.98
2025-01-01,5,2.54
2025-01-01,6,3.1
2025-01-01,7,3.02
2025-01-01,8,2.54
2025-01-01,9,2.14
2025-01-01,10,2.54
2025-01-01,11,1.67
2025-01-01,12,2.06
2025-01-01,13,2.62
2025-01-01,14,2.62
2025-01-01,15,2.7
2025-01-01,16,1.75
2025-01-01,17,0.16
2025-02-01,0,100.0
2025-02-01,1,2.57
2025-02-01,2,2.06
2025-02-01,3,3.26
2025-02-01,4,4.12
2025-02-01,5,2.83
2025-02-01,6,2.14
2025-02-01,7,1.89
2025-02-01,8,2.14
2025-02-01,9,3.26
2025-02-01,10,2.74
2025-02-01,11,2.57
2025-02-01,12,1.72
2025-02-01,13,2.4
2025-02-01,14,2.32
2025-02-01,15,2.14
2025-02-01,16,0.26
2025-03-01,0,100.0
2025-03-01,1,2.75
2025-03-01,2,2.51
2025-03-01,3,2.99
2025-03-01,4,3.38
2025-03-01,5,2.83
2025-03-01,6,2.83
2025-03-01,7,1.96
2025-03-01,8,2.44
2025-03-01,9,2.51
2025-03-01,10,2.36
2025-03-01,11,2.04
2025-03-01,12,2.04
2025-03-01,13,2.59
2025-03-01,14,2.2
2025-03-01,15,0.63
2025-04-01,0,100.0
2025-04-01,1,3.98
2025-04-01,2,2.76
2025-04-01,3,2.37
2025-04-01,4,2.53
2025-04-01,5,2.22
2025-04-01,6,2.37
2025-04-01,7,2.22
2025-04-01,8,1.84
2025-04-01,9,2.53
2025-04-01,10,2.6
2025-04-01,11,2.45
2025-04-01,12,2.53
2025-04-01,13,3.29
2025-04-01,14,0.61
2025-05-01,0,100.0
2025-05-01,1,2.54
2025-05-01,2,2.46
2025-05-01,3,2.69
2025-05-01,4,2.02
2025-05-01,5,3.51
2025-05-01,6,2.69
2025-05-01,7,2.17
2025-05-01,8,3.58
2025-05-01,9,3.21
2025-05-01,10,2.61
2025-05-01,11,3.66
2025-05-01,12,3.36
2025-05-01,13,0.22
2025-06-01,0,100.0
2025-06-01,1,3.08
2025-06-01,2,3.3
2025-06-01,3,2.93
2025-06-01,4,2.25
2025-06-01,5,3.0
2025-06-01,6,3.68
2025-06-01,7,3.68
2025-06-01,8,3.83
2025-06-01,9,2.85
2025-06-01,10,2.7
2025-06-01,11,3.53
2025-06-01,12,0.15
2025-07-01,0,100.0
2025-07-01,1,3.29
2025-07-01,2,3.5
2025-07-01,3,2.88
2025-07-01,4,3.43
2025-07-01,5,2.68
2025-07-01,6,2.33
2025-07-01,7,2.68
2025-07-01,8,3.02
2025-07-01,9,3.29
2025-07-01,10,3.16
2025-07-01,11,0.07
2025-08-01,0,100.0
2025-08-01,1,3.4
2025-08-01,2,3.27
2025-08-01,3,3.66
2025-08-01,4,3.4
2025-08-01,5,4.12
2025-08-01,6,3.07
2025-08-01,7,3.4
2025-08-01,8,3.99
2025-08-01,9,3.53
2025-08-01,10,0.39
2025-09-01,0,100.0
2025-09-01,1,4.23
2025-09-01,2,4.43
2025-09-01,3,3.96
2025-09-01,4,3.49
2025-09-01,5,3.36
2025-09-01,6,3.49
2025-09-01,7,3.09
2025-09-01,8,4.03
2025-09-01,9,0.4
2025-10-01,0,100.0
2025-10-01,1,3.71
2025-10-01,2,4.08
2025-10-01,3,4.7
2025-10-01,4,3.58
2025-10-01,5,4.82
2025-10-01,6,3.83
2025-10-01,7,4.14
2025-10-01,8,0.93
2025-11-01,0,100.0
2025-11-01,1,3.98
2025-11-01,2,3.58
2025-11-01,3,3.64
2025-11-01,4,4.49
2025-11-01,5,3.47
2025-11-01,6,4.49
2025-11-01,7,0.63
2025-12-01,0,100.0
2025-12-01,1,5.0
2025-12-01,2,4.3
2025-12-01,3,3.76
2025-12-01,4,4.41
2025-12-01,5,4.68
2025-12-01,6,0.81
2026-01-01,0,100.0
2026-01-01,1,6.14
2026-01-01,2,5.98
2026-01-01,3,4.89
2026-01-01,4,5.67
2026-01-01,5,0.62
2026-02-01,0,100.0
2026-02-01,1,5.96
2026-02-01,2,6.6
2026-02-01,3,6.37
2026-02-01,4,1.11
2026-03-01,0,100.0
2026-03-01,1,8.67
2026-03-01,2,8.89
2026-03-01,3,1.28
2026-04-01,0,100.0
2026-04-01,1,12.0
2026-04-01,2,2.05
2026-05-01,0,100.0
2026-05-01,1,6.62
2026-06-01,0,100.0